	index	score	token	sentence	model	dimension	pos_tag	sentiment	rsv	word
0	0	0.0976862907409668	24579	0	0	españoles		NEG	10	tontos
1	1	0.07457252591848373	36396	0	0	españoles		NEG	9	gilipollas
2	2	0.026330776512622833	974	0	0	españoles		NEG	8	así
3	3	0.026328768581151962	48316	0	0	españoles		NEG	7	idiotas
4	4	0.024810994043946266	2656	0	0	españoles		NEU	6	españoles
5	5	0.02225218527019024	13012	0	0	españoles		POS	5	felices
6	6	0.01809074357151985	7817	0	0	españoles		NEG	4	malos
7	7	0.01662922091782093	5251	0	0	españoles		POS	3	buenos
8	8	0.011862875893712044	10940	0	0	españoles		NEG	2	iguales
9	9	0.010401343926787376	7485	0	0	españoles		NEG	1	perros
0	0	0.07136155664920807	13012	1	0	españoles		POS	10	felices
1	1	0.051885951310396194	36396	1	0	españoles		NEG	9	gilipollas
2	2	0.04420318827033043	24579	1	0	españoles		NEG	8	tontos
3	3	0.02767009101808071	9859	1	0	españoles		NEG	7	pobres
4	4	0.02363869920372963	7817	1	0	españoles		NEG	6	malos
5	5	0.02219247817993164	5767	1	0	españoles		NEU	5	asi
6	6	0.017247064039111137	48316	1	0	españoles		NEG	4	idiotas
7	7	0.01523140724748373	5251	1	0	españoles		POS	3	buenos
8	8	0.014512532390654087	10782	1	0	españoles		POS	2	ricos
9	9	0.013503187336027622	33967	1	0	españoles		NEU	1	jovenes
0	0	0.11454065889120102	21405	2	0	españoles		NEG	10	ladrones
1	1	0.07216428220272064	45220	2	0	españoles		NEG	9	ignorantes
2	2	0.06472503393888474	48968	2	0	españoles		NEG	8	chorizos
3	3	0.04852505773305893	36396	2	0	españoles		NEG	7	gilipollas
4	4	0.042501144111156464	32228	2	0	españoles		NEG	6	cerdos
5	5	0.031872380524873734	20948	2	0	españoles		NEG	5	delincuentes
6	6	0.029673384502530098	20782	2	0	españoles		NEG	4	asesinos
7	7	0.028776343911886215	22489	2	0	españoles		NEG	3	corruptos
8	8	0.02575274370610714	47004	2	0	españoles		NEG	2	cobardes
9	9	0.02453702501952648	48316	2	0	españoles		NEG	1	idiotas
0	0	0.03596115857362747	8349	3	0	españoles		NEG	10	extranjeros
1	1	0.03256981819868088	7481	3	0	españoles		NEG	9	inmigrantes
2	2	0.02882947400212288	12750	3	0	españoles		NEG	8	ilegales
3	3	0.02586989291012287	40224	3	0	españoles		POS	7	bienvenidos
4	4	0.02570112608373165	24579	3	0	españoles		NEG	6	tontos
5	5	0.023803196847438812	26014	3	0	españoles		NEG	5	racistas
6	6	0.02254762314260006	5251	3	0	españoles		POS	4	buenos
7	7	0.021522603929042816	7817	3	0	españoles		NEG	3	malos
8	8	0.021509595215320587	2656	3	0	españoles		NEU	2	españoles
9	9	0.01860528625547886	36396	3	0	españoles		NEG	1	gilipollas
0	0	0.14059171080589294	10940	4	0	españoles		NEG	10	iguales
1	1	0.11205805838108063	7789	4	0	españoles		POS	9	libres
2	2	0.037192393094301224	13012	4	0	españoles		POS	8	felices
3	3	0.030984114855527878	36396	4	0	españoles		NEG	7	gilipollas
4	4	0.027910619974136353	2656	4	0	españoles		NEU	6	españoles
5	5	0.02567082829773426	784	4	0	españoles		NEU	5	todos
6	6	0.01907876692712307	24579	4	0	españoles		NEG	4	tontos
7	7	0.015958718955516815	467	4	0	españoles		POS	3	más
8	8	0.01590459980070591	5683	4	0	españoles		NEU	2	europeos
9	9	0.012691667303442955	974	4	0	españoles		NEG	1	así
0	0	0.07468513399362564	13012	5	0	españoles		POS	10	felices
1	1	0.053489867597818375	467	5	0	españoles		NEU	9	más
2	2	0.034328680485486984	8349	5	0	españoles		NEU	8	extranjeros
3	3	0.026620155200362206	364	5	0	españoles		NEG	7	los
4	4	0.016469134017825127	10782	5	0	españoles		POS	6	ricos
5	5	0.0164218470454216	2656	5	0	españoles		NEU	5	españoles
6	6	0.016063671559095383	30682	5	0	españoles		NEU	4	optimistas
7	7	0.01472332701086998	5251	5	0	españoles		POS	3	buenos
8	8	0.014499535784125328	36396	5	0	españoles		NEG	2	gilipollas
9	9	0.011419367976486683	727	5	0	españoles		NEG	1	muy
0	0	0.5281783938407898	10940	6	0	españoles		NEG	10	iguales
1	1	0.0627313181757927	13012	6	0	españoles		POS	9	felices
2	2	0.061082515865564346	2656	6	0	españoles		NEU	8	españoles
3	3	0.026292266324162483	24579	6	0	españoles		NEG	7	tontos
4	4	0.0213912446051836	5251	6	0	españoles		POS	6	buenos
5	5	0.015361012890934944	6497	6	0	españoles		NEU	5	catalanes
6	6	0.015228134579956532	40224	6	0	españoles		POS	4	bienvenidos
7	7	0.013465536758303642	36396	6	0	españoles		NEG	3	gilipollas
8	8	0.01031588576734066	974	6	0	españoles		NEG	2	así
9	9	0.00584481842815876	10782	6	0	españoles		NEU	1	ricos
0	0	0.14861372113227844	6500	7	0	españoles		NEG	10	afectados
1	1	0.0670226439833641	13012	7	0	españoles		POS	9	felices
2	2	0.06445885449647903	32757	7	0	españoles		NEG	8	perjudicados
3	3	0.03021448478102684	7478	7	0	españoles		NEU	7	activos
4	4	0.024753179401159286	12762	7	0	españoles		NEU	6	preparados
5	5	0.021726511418819427	8452	7	0	españoles		NEG	5	interesados
6	6	0.020493725314736366	28932	7	0	españoles		POS	4	solidarios
7	7	0.01806952990591526	7423	7	0	españoles		NEU	3	seguros
8	8	0.017297618091106415	10782	7	0	españoles		POS	2	ricos
9	9	0.015158829279243946	9859	7	0	españoles		NEG	1	pobres
0	0	0.18609030544757843	6500	8	0	españoles		NEG	10	afectados
1	1	0.07782614976167679	32757	8	0	españoles		NEG	9	perjudicados
2	2	0.04791479557752609	6642	8	0	españoles		NEU	8	numerosos
3	3	0.029846487566828728	10782	8	0	españoles		POS	7	ricos
4	4	0.025066502392292023	38131	8	0	españoles		NEU	6	beneficiados
5	5	0.023165442049503326	9859	8	0	españoles		NEG	5	pobres
6	6	0.023111820220947266	7478	8	0	españoles		NEU	4	activos
7	7	0.020756399258971214	40360	8	0	españoles		NEU	3	buscados
8	8	0.016510847955942154	16344	8	0	españoles		NEG	2	vulnerables
9	9	0.015665674582123756	28932	8	0	españoles		POS	1	solidarios
0	0	0.08212727308273315	28932	9	0	españoles		POS	10	solidarios
1	1	0.07878708839416504	10782	9	0	españoles		POS	9	ricos
2	2	0.054288871586322784	13012	9	0	españoles		POS	8	felices
3	3	0.04230574518442154	6500	9	0	españoles		NEG	7	afectados
4	4	0.04097239300608635	9859	9	0	españoles		NEG	6	pobres
5	5	0.028106361627578735	16344	9	0	españoles		NEG	5	vulnerables
6	6	0.02750197798013687	32757	9	0	españoles		NEG	4	perjudicados
7	7	0.02163279429078102	30107	9	0	españoles		NEG	3	desfavorecidos
8	8	0.02113283984363079	7478	9	0	españoles		NEU	2	activos
9	9	0.018680477514863014	25904	9	0	españoles		NEU	1	informados
0	0	0.05689799040555954	6500	10	0	españoles		NEG	10	afectados
1	1	0.050453070551157	7478	10	0	españoles		NEU	9	activos
2	2	0.04501718282699585	6642	10	0	españoles		NEU	8	numerosos
3	3	0.03297757729887962	40360	10	0	españoles		NEU	7	buscados
4	4	0.029095590114593506	27355	10	0	españoles		POS	6	valorados
5	5	0.02643686719238758	19087	10	0	españoles		POS	5	satisfechos
6	6	0.024856701493263245	14364	10	0	españoles		POS	4	fieles
7	7	0.022517062723636627	33928	10	0	españoles		NEG	3	demandados
8	8	0.020909154787659645	8452	10	0	españoles		NEU	2	interesados
9	9	0.020542532205581665	9096	10	0	españoles		NEG	1	viajeros
0	0	0.10127705335617065	5251	11	0	españoles		POS	10	buenos
1	1	0.07125513255596161	21629	11	0	españoles		NEU	9	listos
2	2	0.06425949931144714	24579	11	0	españoles		NEG	8	tontos
3	3	0.04737019166350365	14661	11	0	españoles		POS	7	inteligentes
4	4	0.0449909083545208	7817	11	0	españoles		NEG	6	malos
5	5	0.03537960350513458	2656	11	0	españoles		NEG	5	españoles
6	6	0.033963512629270554	13012	11	0	españoles		POS	4	felices
7	7	0.023418255150318146	28932	11	0	españoles		POS	3	solidarios
8	8	0.021869970485568047	10782	11	0	españoles		POS	2	ricos
9	9	0.01980322040617466	44664	11	0	españoles		POS	1	guapos
0	0	0.1175447553396225	48968	12	0	españoles		NEG	10	chorizos
1	1	0.11256802082061768	21405	12	0	españoles		NEG	9	ladrones
2	2	0.05252211168408394	32228	12	0	españoles		NEG	8	cerdos
3	3	0.05077090859413147	36396	12	0	españoles		NEG	7	gilipollas
4	4	0.040903326123952866	22489	12	0	españoles		NEG	6	corruptos
5	5	0.03628450259566307	24139	12	0	españoles		NEG	5	fascistas
6	6	0.025743311271071434	45220	12	0	españoles		NEG	4	ignorantes
7	7	0.023185281082987785	47004	12	0	españoles		NEG	3	cobardes
8	8	0.022251693531870842	20782	12	0	españoles		NEG	2	asesinos
9	9	0.02194874733686447	16111	12	0	españoles		NEG	1	santos
0	0	0.04321598261594772	36396	0	0	franceses		NEG	10	gilipollas
1	1	0.04255395382642746	5251	0	0	franceses		POS	9	buenos
2	2	0.03956307843327522	24579	0	0	franceses		NEG	8	tontos
3	3	0.036775507032871246	7817	0	0	franceses		NEG	7	malos
4	4	0.03036586008965969	28172	0	0	franceses		POS	6	geniales
5	5	0.02857694961130619	1938	0	0	franceses		POS	5	mejores
6	6	0.021890969946980476	974	0	0	franceses		NEG	4	así
7	7	0.017754409462213516	48316	0	0	franceses		NEG	3	idiotas
8	8	0.017357293516397476	11864	0	0	franceses		NEG	2	peores
9	9	0.014784523285925388	10940	0	0	franceses		NEG	1	iguales
0	0	0.04652077332139015	13012	1	0	franceses		POS	10	felices
1	1	0.038172174245119095	24579	1	0	franceses		NEG	9	tontos
2	2	0.03792973607778549	36396	1	0	franceses		NEG	8	gilipollas
3	3	0.026176907122135162	5251	1	0	franceses		POS	7	buenos
4	4	0.02561515010893345	5767	1	0	franceses		NEU	6	asi
5	5	0.024305108934640884	48316	1	0	franceses		NEG	5	idiotas
6	6	0.023689191788434982	7817	1	0	franceses		NEG	4	malos
7	7	0.019117722287774086	10940	1	0	franceses		NEG	3	iguales
8	8	0.016078727319836617	10782	1	0	franceses		POS	2	ricos
9	9	0.014930921606719494	1938	1	0	franceses		POS	1	mejores
0	0	0.06056923791766167	21405	2	0	franceses		NEG	10	ladrones
1	1	0.051373567432165146	32228	2	0	franceses		NEG	9	cerdos
2	2	0.050399139523506165	45220	2	0	franceses		NEG	8	ignorantes
3	3	0.04445541277527809	36396	2	0	franceses		NEG	7	gilipollas
4	4	0.03636281192302704	48968	2	0	franceses		NEG	6	chorizos
5	5	0.03437184542417526	5442	2	0	franceses		POS	5	artistas
6	6	0.029107093811035156	16111	2	0	franceses		NEG	4	santos
7	7	0.026189252734184265	20185	2	0	franceses		NEG	3	nazis
8	8	0.023283032700419426	20782	2	0	franceses		NEG	2	asesinos
9	9	0.022462250664830208	48316	2	0	franceses		NEG	1	idiotas
0	0	0.04057731106877327	40224	3	0	franceses		POS	10	bienvenidos
1	1	0.03513196110725403	7481	3	0	franceses		NEG	9	inmigrantes
2	2	0.02652886137366295	12750	3	0	franceses		NEG	8	ilegales
3	3	0.024219214916229248	2656	3	0	franceses		NEU	7	españoles
4	4	0.02004300430417061	8349	3	0	franceses		NEG	6	extranjeros
5	5	0.019131917506456375	26014	3	0	franceses		NEG	5	racistas
6	6	0.017224187031388283	5251	3	0	franceses		POS	4	buenos
7	7	0.01672654040157795	10782	3	0	franceses		POS	3	ricos
8	8	0.01583840884268284	15615	3	0	franceses		NEU	2	musulmanes
9	9	0.015162590891122818	364	3	0	franceses		NEG	1	los
0	0	0.05426874756813049	36396	4	0	franceses		NEG	10	gilipollas
1	1	0.035215042531490326	10940	4	0	franceses		NEG	9	iguales
2	2	0.033595189452171326	24579	4	0	franceses		NEG	8	tontos
3	3	0.029543135315179825	13012	4	0	franceses		POS	7	felices
4	4	0.026731062680482864	48316	4	0	franceses		NEG	6	idiotas
5	5	0.02536853402853012	2656	4	0	franceses		NEU	5	españoles
6	6	0.019567430019378662	974	4	0	franceses		NEU	4	así
7	7	0.015722647309303284	467	4	0	franceses		NEU	3	más
8	8	0.015234495513141155	364	4	0	franceses		NEU	2	los
9	9	0.015210621990263462	5683	4	0	franceses		NEU	1	europeos
0	0	0.06546520441770554	467	5	0	franceses		NEU	10	más
1	1	0.03490535542368889	13012	5	0	franceses		POS	9	felices
2	2	0.026124658063054085	2656	5	0	franceses		NEU	8	españoles
3	3	0.02607794664800167	364	5	0	franceses		NEG	7	los
4	4	0.021970275789499283	8349	5	0	franceses		NEU	6	extranjeros
5	5	0.015344117768108845	2134	5	0	franceses		NEU	5	mayoría
6	6	0.015162359923124313	5251	5	0	franceses		POS	4	buenos
7	7	0.014272518455982208	1111	5	0	franceses		NEG	3	menos
8	8	0.01404372788965702	30682	5	0	franceses		NEU	2	optimistas
9	9	0.01366876158863306	40224	5	0	franceses		POS	1	bienvenidos
0	0	0.21730874478816986	10940	6	0	franceses		NEG	10	iguales
1	1	0.052943937480449677	12391	6	0	franceses		NEU	9	franceses
2	2	0.04815509170293808	5251	6	0	franceses		POS	8	buenos
3	3	0.02909763716161251	2656	6	0	franceses		NEU	7	españoles
4	4	0.025338251143693924	974	6	0	franceses		NEU	6	así
5	5	0.022806383669376373	13012	6	0	franceses		POS	5	felices
6	6	0.019482672214508057	7817	6	0	franceses		NEG	4	malos
7	7	0.013959522359073162	36396	6	0	franceses		NEG	3	gilipollas
8	8	0.01349448598921299	40224	6	0	franceses		POS	2	bienvenidos
9	9	0.01285571325570345	24579	6	0	franceses		NEG	1	tontos
0	0	0.13145394623279572	6500	7	0	franceses		NEG	10	afectados
1	1	0.060833703726530075	32757	7	0	franceses		NEG	9	perjudicados
2	2	0.05721663683652878	13012	7	0	franceses		POS	8	felices
3	3	0.03659661486744881	8452	7	0	franceses		NEU	7	interesados
4	4	0.024805832654237747	7478	7	0	franceses		NEU	6	activos
5	5	0.022614525631070137	10782	7	0	franceses		POS	5	ricos
6	6	0.02241097204387188	12762	7	0	franceses		NEU	4	preparados
7	7	0.01775740645825863	38131	7	0	franceses		NEU	3	beneficiados
8	8	0.015564615838229656	7423	7	0	franceses		NEU	2	seguros
9	9	0.014314277097582817	28932	7	0	franceses		POS	1	solidarios
0	0	0.32240328192710876	6500	8	0	franceses		NEG	10	afectados
1	1	0.10471274703741074	32757	8	0	franceses		NEG	9	perjudicados
2	2	0.06847493350505829	6642	8	0	franceses		NEU	8	numerosos
3	3	0.030383218079805374	38131	8	0	franceses		NEU	7	beneficiados
4	4	0.02048410288989544	7478	8	0	franceses		NEU	6	activos
5	5	0.015106969512999058	40360	8	0	franceses		NEU	5	buscados
6	6	0.014096332713961601	9859	8	0	franceses		NEG	4	pobres
7	7	0.013669515959918499	10782	8	0	franceses		POS	3	ricos
8	8	0.012199916876852512	16344	8	0	franceses		NEU	2	vulnerables
9	9	0.01122250035405159	8452	8	0	franceses		NEU	1	interesados
0	0	0.09801875054836273	6500	9	0	franceses		NEG	10	afectados
1	1	0.07196087390184402	10782	9	0	franceses		POS	9	ricos
2	2	0.04393404349684715	9859	9	0	franceses		NEG	8	pobres
3	3	0.04391259700059891	13012	9	0	franceses		POS	7	felices
4	4	0.04169194772839546	32757	9	0	franceses		NEG	6	perjudicados
5	5	0.03477524593472481	28932	9	0	franceses		POS	5	solidarios
6	6	0.02941589057445526	7478	9	0	franceses		NEU	4	activos
7	7	0.017512526363134384	19087	9	0	franceses		POS	3	satisfechos
8	8	0.012331100180745125	7423	9	0	franceses		NEU	2	seguros
9	9	0.011439576745033264	25904	9	0	franceses		NEU	1	informados
0	0	0.1285392940044403	6500	10	0	franceses		NEG	10	afectados
1	1	0.06188127025961876	6642	10	0	franceses		NEU	9	numerosos
2	2	0.04068266600370407	33928	10	0	franceses		NEU	8	demandados
3	3	0.038203395903110504	7478	10	0	franceses		NEU	7	activos
4	4	0.03596349433064461	24627	10	0	franceses		NEU	6	solicitados
5	5	0.034666359424591064	40360	10	0	franceses		NEU	5	buscados
6	6	0.031752508133649826	8452	10	0	franceses		NEU	4	interesados
7	7	0.03013000451028347	14364	10	0	franceses		POS	3	fieles
8	8	0.029728639870882034	19087	10	0	franceses		POS	2	satisfechos
9	9	0.028247110545635223	32757	10	0	franceses		NEG	1	perjudicados
0	0	0.3233232796192169	5251	11	0	franceses		POS	10	buenos
1	1	0.0411425344645977	44664	11	0	franceses		POS	9	guapos
2	2	0.030550312250852585	10782	11	0	franceses		POS	8	ricos
3	3	0.028929641470313072	21629	11	0	franceses		NEU	7	listos
4	4	0.02476905845105648	7817	11	0	franceses		NEG	6	malos
5	5	0.02387486770749092	14661	11	0	franceses		POS	5	inteligentes
6	6	0.01718953438103199	39679	11	0	franceses		POS	4	amables
7	7	0.014512262307107449	27290	11	0	franceses		NEU	3	parecidos
8	8	0.013996466994285583	21835	11	0	franceses		NEU	2	curiosos
9	9	0.013397326692938805	22364	11	0	franceses		POS	1	elegantes
0	0	0.048866983503103256	32228	12	0	franceses		NEG	10	cerdos
1	1	0.04096226394176483	21405	12	0	franceses		NEG	9	ladrones
2	2	0.040419574826955795	20185	12	0	franceses		NEG	8	nazis
3	3	0.036173004657030106	48968	12	0	franceses		NEG	7	chorizos
4	4	0.035946037620306015	16111	12	0	franceses		NEG	6	santos
5	5	0.03363979980349541	36396	12	0	franceses		NEG	5	gilipollas
6	6	0.02617323026061058	5442	12	0	franceses		POS	4	artistas
7	7	0.019098572432994843	41403	12	0	franceses		POS	3	genios
8	8	0.018351195380091667	24384	12	0	franceses		NEG	2	salvajes
9	9	0.017882155254483223	24139	12	0	franceses		NEG	1	fascistas
0	0	0.0715894103050232	24579	0	0	británicos		NEG	10	tontos
1	1	0.04144253209233284	36396	0	0	británicos		NEG	9	gilipollas
2	2	0.026980290189385414	48316	0	0	británicos		NEG	8	idiotas
3	3	0.026458607986569405	7817	0	0	británicos		NEG	7	malos
4	4	0.023663120344281197	5251	0	0	británicos		POS	6	buenos
5	5	0.02089782990515232	26014	0	0	británicos		NEG	5	racistas
6	6	0.019449656829237938	974	0	0	británicos		NEU	4	así
7	7	0.015295561403036118	10940	0	0	británicos		NEU	3	iguales
8	8	0.014738628640770912	2656	0	0	británicos		NEU	2	españoles
9	9	0.014738242141902447	13012	0	0	británicos		POS	1	felices
0	0	0.0863751769065857	13012	1	0	británicos		POS	10	felices
1	1	0.02125551551580429	24579	1	0	británicos		NEG	9	tontos
2	2	0.0195002481341362	10782	1	0	británicos		POS	8	ricos
3	3	0.017194315791130066	36396	1	0	británicos		NEG	7	gilipollas
4	4	0.014646010473370552	5251	1	0	británicos		POS	6	buenos
5	5	0.014168938621878624	10940	1	0	británicos		NEU	5	iguales
6	6	0.014059506356716156	48316	1	0	británicos		NEG	4	idiotas
7	7	0.013991865329444408	467	1	0	británicos		NEU	3	más
8	8	0.012991922907531261	1361	1	0	británicos		NEU	2	mas
9	9	0.012758340686559677	30682	1	0	británicos		NEU	1	optimistas
0	0	0.06255326420068741	21405	2	0	británicos		NEG	10	ladrones
1	1	0.0588521882891655	32228	2	0	británicos		NEG	9	cerdos
2	2	0.053700584918260574	45220	2	0	británicos		NEG	8	ignorantes
3	3	0.04224814847111702	36396	2	0	británicos		NEG	7	gilipollas
4	4	0.031038666144013405	48316	2	0	británicos		NEG	6	idiotas
5	5	0.030623067170381546	16111	2	0	británicos		NEU	5	santos
6	6	0.028845151886343956	48968	2	0	británicos		NEG	4	chorizos
7	7	0.022507773712277412	5442	2	0	británicos		POS	3	artistas
8	8	0.02185586839914322	20185	2	0	británicos		NEG	2	nazis
9	9	0.02068350650370121	20782	2	0	británicos		NEG	1	asesinos
0	0	0.042305562645196915	40224	3	0	británicos		POS	10	bienvenidos
1	1	0.03210209682583809	467	3	0	británicos		NEU	9	más
2	2	0.02767334133386612	7481	3	0	británicos		NEU	8	inmigrantes
3	3	0.025031616911292076	364	3	0	británicos		NEU	7	los
4	4	0.023589106276631355	12750	3	0	británicos		NEG	6	ilegales
5	5	0.022530045360326767	2134	3	0	británicos		NEU	5	mayoría
6	6	0.021270442754030228	10782	3	0	británicos		POS	4	ricos
7	7	0.01869836449623108	13012	3	0	británicos		POS	3	felices
8	8	0.018136145547032356	8349	3	0	británicos		NEU	2	extranjeros
9	9	0.01525902096182108	5251	3	0	británicos		POS	1	buenos
0	0	0.060887597501277924	467	4	0	británicos		NEU	10	más
1	1	0.03975462168455124	364	4	0	británicos		NEU	9	los
2	2	0.03663522005081177	13012	4	0	británicos		POS	8	felices
3	3	0.022424817085266113	14468	4	0	británicos		NEU	7	británicos
4	4	0.02011903189122677	10940	4	0	británicos		NEU	6	iguales
5	5	0.01622381992638111	5683	4	0	británicos		NEU	5	europeos
6	6	0.015047837048768997	40224	4	0	británicos		POS	4	bienvenidos
7	7	0.013937847688794136	25396	4	0	británicos		NEG	3	esclavos
8	8	0.01334715262055397	8349	4	0	británicos		NEU	2	extranjeros
9	9	0.01269827876240015	2656	4	0	británicos		NEU	1	españoles
0	0	0.13374947011470795	467	5	0	británicos		NEU	10	más
1	1	0.05092935264110565	364	5	0	británicos		NEU	9	los
2	2	0.032754719257354736	13012	5	0	británicos		POS	8	felices
3	3	0.022328993305563927	2134	5	0	británicos		NEU	7	mayoría
4	4	0.02088434062898159	1111	5	0	británicos		NEU	6	menos
5	5	0.019155025482177734	30682	5	0	británicos		NEU	5	optimistas
6	6	0.014789920300245285	8349	5	0	británicos		NEU	4	extranjeros
7	7	0.013781771995127201	10782	5	0	británicos		POS	3	ricos
8	8	0.011501733213663101	2656	5	0	británicos		NEU	2	españoles
9	9	0.011463586241006851	5251	5	0	británicos		POS	1	buenos
0	0	0.1252913624048233	10940	6	0	británicos		NEG	10	iguales
1	1	0.03813605755567551	2656	6	0	británicos		NEU	9	españoles
2	2	0.03509840741753578	13012	6	0	británicos		POS	8	felices
3	3	0.023619335144758224	5251	6	0	británicos		POS	7	buenos
4	4	0.023597462102770805	974	6	0	británicos		NEU	6	así
5	5	0.021566320210695267	19191	6	0	británicos		NEG	5	ingleses
6	6	0.020617878064513206	14468	6	0	británicos		NEU	4	británicos
7	7	0.01946951262652874	40224	6	0	británicos		POS	3	bienvenidos
8	8	0.01821763627231121	15615	6	0	británicos		NEU	2	musulmanes
9	9	0.012916939333081245	5683	6	0	británicos		NEU	1	europeos
0	0	0.27297380566596985	6500	7	0	británicos		NEG	10	afectados
1	1	0.07354539632797241	32757	7	0	británicos		NEG	9	perjudicados
2	2	0.034711048007011414	7478	7	0	británicos		NEU	8	activos
3	3	0.032491788268089294	8452	7	0	británicos		NEU	7	interesados
4	4	0.029320983216166496	13012	7	0	británicos		POS	6	felices
5	5	0.019215933978557587	38131	7	0	británicos		NEU	5	beneficiados
6	6	0.01229892484843731	10782	7	0	británicos		POS	4	ricos
7	7	0.010848278179764748	7423	7	0	británicos		NEU	3	seguros
8	8	0.010624866932630539	40360	7	0	británicos		NEU	2	buscados
9	9	0.009482234716415405	24825	7	0	británicos		NEU	1	preocupados
0	0	0.3121568262577057	6500	8	0	británicos		NEU	10	afectados
1	1	0.11937783658504486	6642	8	0	británicos		NEU	9	numerosos
2	2	0.08173783868551254	32757	8	0	británicos		NEG	8	perjudicados
3	3	0.025989152491092682	38131	8	0	británicos		NEU	7	beneficiados
4	4	0.022494269534945488	7478	8	0	británicos		NEU	6	activos
5	5	0.01648235134780407	40360	8	0	británicos		NEU	5	buscados
6	6	0.013770023360848427	9131	8	0	británicos		NEU	4	habituales
7	7	0.012841244228184223	33928	8	0	británicos		NEU	3	demandados
8	8	0.01071432139724493	16344	8	0	británicos		NEU	2	vulnerables
9	9	0.010593162849545479	12115	8	0	británicos		NEU	1	frecuentes
0	0	0.18558834493160248	6500	9	0	británicos		NEU	10	afectados
1	1	0.060621801763772964	7478	9	0	británicos		NEU	9	activos
2	2	0.045932043343782425	32757	9	0	británicos		NEG	8	perjudicados
3	3	0.03157724067568779	10782	9	0	británicos		POS	7	ricos
4	4	0.030276071280241013	13012	9	0	británicos		POS	6	felices
5	5	0.01812991313636303	6642	9	0	británicos		NEU	5	numerosos
6	6	0.01747930236160755	28932	9	0	británicos		POS	4	solidarios
7	7	0.014573685824871063	9859	9	0	británicos		NEG	3	pobres
8	8	0.013845040462911129	18179	9	0	británicos		NEG	2	conservadores
9	9	0.012165296822786331	2634	9	0	británicos		NEU	1	jóvenes
0	0	0.13832569122314453	6500	10	0	británicos		NEU	10	afectados
1	1	0.10126746445894241	6642	10	0	británicos		NEU	9	numerosos
2	2	0.047803398221731186	33928	10	0	británicos		NEU	8	demandados
3	3	0.04064720869064331	7478	10	0	británicos		NEU	7	activos
4	4	0.03681250661611557	24627	10	0	británicos		NEU	6	solicitados
5	5	0.032442618161439896	40360	10	0	británicos		NEU	5	buscados
6	6	0.02835884690284729	32757	10	0	británicos		NEG	4	perjudicados
7	7	0.028357600793242455	9131	10	0	británicos		NEU	3	habituales
8	8	0.02630193717777729	14364	10	0	británicos		POS	2	fieles
9	9	0.02124250866472721	12115	10	0	británicos		POS	1	frecuentes
0	0	0.10852199792861938	5251	11	0	británicos		POS	10	buenos
1	1	0.08715273439884186	21629	11	0	británicos		NEU	9	listos
2	2	0.07072620093822479	14661	11	0	británicos		POS	8	inteligentes
3	3	0.06558487564325333	7817	11	0	británicos		NEG	7	malos
4	4	0.052408140152692795	24579	11	0	británicos		NEG	6	tontos
5	5	0.022406037896871567	10782	11	0	británicos		POS	5	ricos
6	6	0.019627394154667854	26014	11	0	británicos		NEG	4	racistas
7	7	0.013768382370471954	44664	11	0	británicos		POS	3	guapos
8	8	0.012837656773626804	34754	11	0	británicos		NEG	2	raros
9	9	0.012704221531748772	13012	11	0	británicos		POS	1	felices
0	0	0.06140189617872238	21405	12	0	británicos		NEG	10	ladrones
1	1	0.05746321752667427	32228	12	0	británicos		NEG	9	cerdos
2	2	0.04145750775933266	36396	12	0	británicos		NEG	8	gilipollas
3	3	0.04071570932865143	20185	12	0	británicos		NEG	7	nazis
4	4	0.02935541607439518	48968	12	0	británicos		NEG	6	chorizos
5	5	0.029227975755929947	16111	12	0	británicos		NEU	5	santos
6	6	0.025270884856581688	24139	12	0	británicos		NEG	4	fascistas
7	7	0.019772792235016823	20782	12	0	británicos		NEG	3	asesinos
8	8	0.018950117751955986	45220	12	0	británicos		NEG	2	ignorantes
9	9	0.018397832289338112	26014	12	0	británicos		NEG	1	racistas
0	0	0.056256432086229324	5251	0	0	argentinos		POS	10	buenos
1	1	0.0557258278131485	1938	0	0	argentinos		POS	9	mejores
2	2	0.045590683817863464	7817	0	0	argentinos		NEG	8	malos
3	3	0.0349276140332222	28172	0	0	argentinos		POS	7	geniales
4	4	0.02239226922392845	24579	0	0	argentinos		NEG	6	tontos
5	5	0.02112490125000477	28061	0	0	argentinos		POS	5	maravillosos
6	6	0.018108133226633072	11864	0	0	argentinos		NEG	4	peores
7	7	0.01671632193028927	5767	0	0	argentinos		NEG	3	asi
8	8	0.012922490946948528	1733	0	0	argentinos		POS	2	grandes
9	9	0.011879375204443932	13012	0	0	argentinos		POS	1	felices
0	0	0.04387807846069336	13012	1	0	argentinos		POS	10	felices
1	1	0.04019538313150406	5251	1	0	argentinos		POS	9	buenos
2	2	0.03505925461649895	7817	1	0	argentinos		NEG	8	malos
3	3	0.03290104120969772	5767	1	0	argentinos		NEU	7	asi
4	4	0.02997777611017227	24579	1	0	argentinos		NEG	6	tontos
5	5	0.0227662306278944	10782	1	0	argentinos		POS	5	ricos
6	6	0.022191902622580528	48316	1	0	argentinos		NEG	4	idiotas
7	7	0.021712681278586388	1938	1	0	argentinos		POS	3	mejores
8	8	0.021276379004120827	28172	1	0	argentinos		POS	2	geniales
9	9	0.016730235889554024	9859	1	0	argentinos		NEG	1	pobres
0	0	0.053825121372938156	21405	2	0	argentinos		NEG	10	ladrones
1	1	0.05258021876215935	45220	2	0	argentinos		NEG	9	ignorantes
2	2	0.04491676762700081	32228	2	0	argentinos		NEG	8	cerdos
3	3	0.04460344836115837	5442	2	0	argentinos		POS	7	artistas
4	4	0.041318733245134354	16111	2	0	argentinos		NEG	6	santos
5	5	0.02650483511388302	48968	2	0	argentinos		NEG	5	chorizos
6	6	0.02545587718486786	36396	2	0	argentinos		NEG	4	gilipollas
7	7	0.02453775703907013	20782	2	0	argentinos		NEG	3	asesinos
8	8	0.023406367748975754	48316	2	0	argentinos		NEG	2	idiotas
9	9	0.021299954503774643	7817	2	0	argentinos		NEG	1	malos
0	0	0.03227022662758827	10782	3	0	argentinos		POS	10	ricos
1	1	0.030650105327367783	5251	3	0	argentinos		POS	9	buenos
2	2	0.02792166732251644	2656	3	0	argentinos		NEU	8	españoles
3	3	0.026004593819379807	7481	3	0	argentinos		NEG	7	inmigrantes
4	4	0.021626923233270645	40224	3	0	argentinos		POS	6	bienvenidos
5	5	0.01987154595553875	13012	3	0	argentinos		POS	5	felices
6	6	0.01980246789753437	26014	3	0	argentinos		NEG	4	racistas
7	7	0.01877487450838089	34931	3	0	argentinos		NEU	3	latinos
8	8	0.01782173663377762	9859	3	0	argentinos		NEG	2	pobres
9	9	0.016139114275574684	364	3	0	argentinos		NEG	1	los
0	0	0.04261738434433937	10940	4	0	argentinos		NEG	10	iguales
1	1	0.037748970091342926	36396	4	0	argentinos		NEG	9	gilipollas
2	2	0.03407445177435875	13012	4	0	argentinos		POS	8	felices
3	3	0.025944724678993225	2656	4	0	argentinos		NEU	7	españoles
4	4	0.025675369426608086	24579	4	0	argentinos		NEG	6	tontos
5	5	0.01805887557566166	48316	4	0	argentinos		NEG	5	idiotas
6	6	0.016644876450300217	974	4	0	argentinos		NEG	4	así
7	7	0.01635916158556938	9859	4	0	argentinos		NEG	3	pobres
8	8	0.015138865448534489	5251	4	0	argentinos		POS	2	buenos
9	9	0.014512001536786556	10782	4	0	argentinos		POS	1	ricos
0	0	0.03917497396469116	13012	5	0	argentinos		POS	10	felices
1	1	0.030428387224674225	467	5	0	argentinos		NEU	9	más
2	2	0.029605599120259285	10782	5	0	argentinos		POS	8	ricos
3	3	0.0262159276753664	5251	5	0	argentinos		POS	7	buenos
4	4	0.019696565344929695	2656	5	0	argentinos		NEU	6	españoles
5	5	0.019461635500192642	8349	5	0	argentinos		NEU	5	extranjeros
6	6	0.01922459341585636	364	5	0	argentinos		NEG	4	los
7	7	0.018421301618218422	1361	5	0	argentinos		NEU	3	mas
8	8	0.013169758021831512	14080	5	0	argentinos		POS	2	excelentes
9	9	0.011989655904471874	9859	5	0	argentinos		NEG	1	pobres
0	0	0.18094788491725922	10940	6	0	argentinos		NEG	10	iguales
1	1	0.06889340281486511	5251	6	0	argentinos		POS	9	buenos
2	2	0.05703902989625931	13012	6	0	argentinos		POS	8	felices
3	3	0.02731524035334587	2656	6	0	argentinos		NEU	7	españoles
4	4	0.02226974070072174	10782	6	0	argentinos		POS	6	ricos
5	5	0.022049998864531517	974	6	0	argentinos		NEG	5	así
6	6	0.019895708188414574	7817	6	0	argentinos		NEG	4	malos
7	7	0.013622375205159187	5767	6	0	argentinos		NEG	3	asi
8	8	0.013023718260228634	13228	6	0	argentinos		NEG	2	negros
9	9	0.010988234542310238	28140	6	0	argentinos		NEU	1	argentinos
0	0	0.13880915939807892	6500	7	0	argentinos		NEG	10	afectados
1	1	0.07278967648744583	13012	7	0	argentinos		POS	9	felices
2	2	0.04431570693850517	32757	7	0	argentinos		NEG	8	perjudicados
3	3	0.033062100410461426	8452	7	0	argentinos		NEU	7	interesados
4	4	0.028016498312354088	10782	7	0	argentinos		POS	6	ricos
5	5	0.026452327147126198	45663	7	0	argentinos		POS	5	exitosos
6	6	0.02588827535510063	7478	7	0	argentinos		POS	4	activos
7	7	0.023772824555635452	38131	7	0	argentinos		NEU	3	beneficiados
8	8	0.02140147052705288	21629	7	0	argentinos		POS	2	listos
9	9	0.020305391401052475	9859	7	0	argentinos		NEG	1	pobres
0	0	0.28925174474716187	6500	8	0	argentinos		NEG	10	afectados
1	1	0.07417088747024536	6642	8	0	argentinos		NEU	9	numerosos
2	2	0.06828486174345016	32757	8	0	argentinos		NEG	8	perjudicados
3	3	0.03234028443694115	38131	8	0	argentinos		NEU	7	beneficiados
4	4	0.020611993968486786	10782	8	0	argentinos		POS	6	ricos
5	5	0.020228693261742592	7478	8	0	argentinos		NEU	5	activos
6	6	0.0182338934391737	40360	8	0	argentinos		NEU	4	buscados
7	7	0.01800387166440487	9859	8	0	argentinos		NEG	3	pobres
8	8	0.01329436618834734	8452	8	0	argentinos		NEG	2	interesados
9	9	0.011362244375050068	16344	8	0	argentinos		NEU	1	vulnerables
0	0	0.1011362224817276	6500	9	0	argentinos		NEG	10	afectados
1	1	0.09784293174743652	10782	9	0	argentinos		POS	9	ricos
2	2	0.07162091135978699	9859	9	0	argentinos		NEG	8	pobres
3	3	0.046963416039943695	13012	9	0	argentinos		POS	7	felices
4	4	0.045033957809209824	28932	9	0	argentinos		POS	6	solidarios
5	5	0.028639933094382286	32757	9	0	argentinos		NEG	5	perjudicados
6	6	0.02553843893110752	7478	9	0	argentinos		NEU	4	activos
7	7	0.01687108911573887	16344	9	0	argentinos		NEU	3	vulnerables
8	8	0.01297337282449007	35425	9	0	argentinos		POS	2	afortunados
9	9	0.011858786456286907	38131	9	0	argentinos		NEU	1	beneficiados
0	0	0.08626209944486618	6500	10	0	argentinos		NEG	10	afectados
1	1	0.06740419566631317	6642	10	0	argentinos		NEU	9	numerosos
2	2	0.03956080600619316	24627	10	0	argentinos		NEU	8	solicitados
3	3	0.037470027804374695	8452	10	0	argentinos		NEU	7	interesados
4	4	0.03660308197140694	40360	10	0	argentinos		NEU	6	buscados
5	5	0.03556062653660774	7478	10	0	argentinos		NEU	5	activos
6	6	0.03412605822086334	33928	10	0	argentinos		NEU	4	demandados
7	7	0.02954685501754284	14364	10	0	argentinos		POS	3	fieles
8	8	0.022657319903373718	38131	10	0	argentinos		NEU	2	beneficiados
9	9	0.021770596504211426	19087	10	0	argentinos		POS	1	satisfechos
0	0	0.5935836434364319	5251	11	0	argentinos		POS	10	buenos
1	1	0.06257089227437973	7817	11	0	argentinos		NEG	9	malos
2	2	0.038550056517124176	1733	11	0	argentinos		POS	8	grandes
3	3	0.014353145845234394	21629	11	0	argentinos		NEU	7	listos
4	4	0.013154829852283001	44664	11	0	argentinos		POS	6	guapos
5	5	0.011757530272006989	10782	11	0	argentinos		POS	5	ricos
6	6	0.010632401332259178	14661	11	0	argentinos		POS	4	inteligentes
7	7	0.010081984102725983	6959	11	0	argentinos		POS	3	fuertes
8	8	0.007267253939062357	18206	11	0	argentinos		POS	2	bonitos
9	9	0.006843158509582281	38511	11	0	argentinos		POS	1	finos
0	0	0.059419162571430206	16111	12	0	argentinos		NEG	10	santos
1	1	0.053145378828048706	32228	12	0	argentinos		NEG	9	cerdos
2	2	0.037745386362075806	48968	12	0	argentinos		NEG	8	chorizos
3	3	0.03712524101138115	21405	12	0	argentinos		NEG	7	ladrones
4	4	0.03530663251876831	5442	12	0	argentinos		POS	6	artistas
5	5	0.024404140189290047	36396	12	0	argentinos		NEG	5	gilipollas
6	6	0.02159927226603031	41403	12	0	argentinos		POS	4	genios
7	7	0.02055663801729679	20185	12	0	argentinos		NEG	3	nazis
8	8	0.019692936912178993	20588	12	0	argentinos		NEG	2	locos
9	9	0.01653159037232399	7817	12	0	argentinos		NEG	1	malos
0	0	0.04631136357784271	5251	0	0	mexicanos		POS	10	buenos
1	1	0.03161495178937912	13012	0	0	mexicanos		POS	9	felices
2	2	0.027019916102290154	1938	0	0	mexicanos		POS	8	mejores
3	3	0.024416500702500343	28061	0	0	mexicanos		POS	7	maravillosos
4	4	0.02367468737065792	24579	0	0	mexicanos		NEG	6	tontos
5	5	0.022025952115654945	7817	0	0	mexicanos		NEG	5	malos
6	6	0.020277755334973335	28172	0	0	mexicanos		POS	4	geniales
7	7	0.015073617920279503	34931	0	0	mexicanos		NEU	3	latinos
8	8	0.014669075608253479	5767	0	0	mexicanos		NEG	2	asi
9	9	0.013783501461148262	10782	0	0	mexicanos		POS	1	ricos
0	0	0.06284867972135544	13012	1	0	mexicanos		POS	10	felices
1	1	0.030886635184288025	5251	1	0	mexicanos		POS	9	buenos
2	2	0.027432318776845932	7817	1	0	mexicanos		NEG	8	malos
3	3	0.02666313387453556	5767	1	0	mexicanos		NEU	7	asi
4	4	0.025762071833014488	24579	1	0	mexicanos		NEG	6	tontos
5	5	0.024649644270539284	10782	1	0	mexicanos		POS	5	ricos
6	6	0.0219184011220932	48316	1	0	mexicanos		NEG	4	idiotas
7	7	0.020367702469229698	9859	1	0	mexicanos		NEG	3	pobres
8	8	0.014950002543628216	1938	1	0	mexicanos		POS	2	mejores
9	9	0.012157854624092579	33967	1	0	mexicanos		NEU	1	jovenes
0	0	0.06474991887807846	21405	2	0	mexicanos		NEG	10	ladrones
1	1	0.05519919469952583	45220	2	0	mexicanos		NEG	9	ignorantes
2	2	0.04092424362897873	32228	2	0	mexicanos		NEG	8	cerdos
3	3	0.03474136069417	5442	2	0	mexicanos		POS	7	artistas
4	4	0.031371958553791046	20782	2	0	mexicanos		NEG	6	asesinos
5	5	0.030043670907616615	48316	2	0	mexicanos		NEG	5	idiotas
6	6	0.02979815937578678	16111	2	0	mexicanos		NEG	4	santos
7	7	0.029793640598654747	7817	2	0	mexicanos		NEG	3	malos
8	8	0.02210853435099125	21815	2	0	mexicanos		NEG	2	criminales
9	9	0.021868661046028137	20588	2	0	mexicanos		NEG	1	locos
0	0	0.029580621048808098	40224	3	0	mexicanos		POS	10	bienvenidos
1	1	0.027472352609038353	10782	3	0	mexicanos		POS	9	ricos
2	2	0.02667510323226452	34931	3	0	mexicanos		NEU	8	latinos
3	3	0.024122366681694984	7481	3	0	mexicanos		NEG	7	inmigrantes
4	4	0.022961793467402458	364	3	0	mexicanos		NEG	6	los
5	5	0.022444242611527443	5251	3	0	mexicanos		POS	5	buenos
6	6	0.018153449520468712	13012	3	0	mexicanos		POS	4	felices
7	7	0.017661677673459053	467	3	0	mexicanos		NEU	3	más
8	8	0.016996972262859344	12750	3	0	mexicanos		NEG	2	ilegales
9	9	0.016810031607747078	2656	3	0	mexicanos		NEU	1	españoles
0	0	0.037924401462078094	13012	4	0	mexicanos		POS	10	felices
1	1	0.021702196449041367	467	4	0	mexicanos		POS	9	más
2	2	0.021180136129260063	10940	4	0	mexicanos		NEG	8	iguales
3	3	0.018506918102502823	10782	4	0	mexicanos		POS	7	ricos
4	4	0.017183156684041023	8349	4	0	mexicanos		NEG	6	extranjeros
5	5	0.01670386828482151	364	4	0	mexicanos		NEG	5	los
6	6	0.014846877194941044	2656	4	0	mexicanos		NEU	4	españoles
7	7	0.014330117031931877	34931	4	0	mexicanos		NEU	3	latinos
8	8	0.014015205204486847	9859	4	0	mexicanos		NEG	2	pobres
9	9	0.013120354153215885	5251	4	0	mexicanos		POS	1	buenos
0	0	0.040140703320503235	467	5	0	mexicanos		NEU	10	más
1	1	0.036579109728336334	13012	5	0	mexicanos		POS	9	felices
2	2	0.029163574799895287	10782	5	0	mexicanos		POS	8	ricos
3	3	0.025219203904271126	8349	5	0	mexicanos		NEU	7	extranjeros
4	4	0.022320156916975975	364	5	0	mexicanos		NEG	6	los
5	5	0.019559621810913086	40224	5	0	mexicanos		POS	5	bienvenidos
6	6	0.018931185826659203	1361	5	0	mexicanos		NEU	4	mas
7	7	0.01877528242766857	5251	5	0	mexicanos		POS	3	buenos
8	8	0.015559409745037556	2656	5	0	mexicanos		NEU	2	españoles
9	9	0.013032033108174801	9859	5	0	mexicanos		NEG	1	pobres
0	0	0.11563612520694733	10940	6	0	mexicanos		NEG	10	iguales
1	1	0.08518824726343155	13012	6	0	mexicanos		POS	9	felices
2	2	0.04976503551006317	5251	6	0	mexicanos		POS	8	buenos
3	3	0.03512130677700043	24470	6	0	mexicanos		NEU	7	mexicanos
4	4	0.02770274318754673	40224	6	0	mexicanos		POS	6	bienvenidos
5	5	0.02176816016435623	2656	6	0	mexicanos		NEU	5	españoles
6	6	0.02076478861272335	34931	6	0	mexicanos		NEU	4	latinos
7	7	0.019237816333770752	10782	6	0	mexicanos		POS	3	ricos
8	8	0.016064263880252838	974	6	0	mexicanos		NEG	2	así
9	9	0.014545069076120853	13228	6	0	mexicanos		NEG	1	negros
0	0	0.1386820375919342	6500	7	0	mexicanos		NEG	10	afectados
1	1	0.07186362892389297	13012	7	0	mexicanos		POS	9	felices
2	2	0.04244396463036537	32757	7	0	mexicanos		NEG	8	perjudicados
3	3	0.03348292037844658	10782	7	0	mexicanos		POS	7	ricos
4	4	0.03027726709842682	8452	7	0	mexicanos		NEG	6	interesados
5	5	0.02958088554441929	45663	7	0	mexicanos		POS	5	exitosos
6	6	0.02952902391552925	9859	7	0	mexicanos		NEG	4	pobres
7	7	0.028092648833990097	38131	7	0	mexicanos		NEU	3	beneficiados
8	8	0.02776980958878994	7478	7	0	mexicanos		POS	2	activos
9	9	0.016072943806648254	21629	7	0	mexicanos		NEU	1	listos
0	0	0.29749587178230286	6500	8	0	mexicanos		NEG	10	afectados
1	1	0.07403986901044846	32757	8	0	mexicanos		NEG	9	perjudicados
2	2	0.0641530230641365	6642	8	0	mexicanos		NEU	8	numerosos
3	3	0.03832557052373886	38131	8	0	mexicanos		NEU	7	beneficiados
4	4	0.019665028899908066	40360	8	0	mexicanos		NEU	6	buscados
5	5	0.019452780485153198	7478	8	0	mexicanos		NEU	5	activos
6	6	0.017731867730617523	10782	8	0	mexicanos		POS	4	ricos
7	7	0.01700480841100216	9859	8	0	mexicanos		NEG	3	pobres
8	8	0.016354845836758614	16344	8	0	mexicanos		NEG	2	vulnerables
9	9	0.013890055939555168	8452	8	0	mexicanos		NEG	1	interesados
0	0	0.10640238970518112	6500	9	0	mexicanos		NEG	10	afectados
1	1	0.09322797507047653	9859	9	0	mexicanos		NEG	9	pobres
2	2	0.0805961862206459	10782	9	0	mexicanos		POS	8	ricos
3	3	0.03921974077820778	13012	9	0	mexicanos		POS	7	felices
4	4	0.03280302882194519	7478	9	0	mexicanos		NEU	6	activos
5	5	0.027524124830961227	28932	9	0	mexicanos		POS	5	solidarios
6	6	0.026327548548579216	16344	9	0	mexicanos		NEG	4	vulnerables
7	7	0.02531837671995163	32757	9	0	mexicanos		NEG	3	perjudicados
8	8	0.019148584455251694	38131	9	0	mexicanos		NEU	2	beneficiados
9	9	0.01596076227724552	45663	9	0	mexicanos		POS	1	exitosos
0	0	0.09289664030075073	6500	10	0	mexicanos		NEG	10	afectados
1	1	0.06407731771469116	6642	10	0	mexicanos		NEU	9	numerosos
2	2	0.045004554092884064	24627	10	0	mexicanos		NEU	8	solicitados
3	3	0.04411228746175766	40360	10	0	mexicanos		NEU	7	buscados
4	4	0.03491400182247162	33928	10	0	mexicanos		NEG	6	demandados
5	5	0.03390616178512573	8452	10	0	mexicanos		NEG	5	interesados
6	6	0.032909177243709564	7478	10	0	mexicanos		NEU	4	activos
7	7	0.03120066039264202	38131	10	0	mexicanos		NEU	3	beneficiados
8	8	0.02305694669485092	9096	10	0	mexicanos		NEG	2	viajeros
9	9	0.021192533895373344	14364	10	0	mexicanos		POS	1	fieles
0	0	0.4569427967071533	5251	11	0	mexicanos		POS	10	buenos
1	1	0.04254179820418358	10782	11	0	mexicanos		POS	9	ricos
2	2	0.029476387426257133	1733	11	0	mexicanos		POS	8	grandes
3	3	0.029185812920331955	44664	11	0	mexicanos		POS	7	guapos
4	4	0.026322564110159874	7817	11	0	mexicanos		NEG	6	malos
5	5	0.019595494493842125	21629	11	0	mexicanos		NEU	5	listos
6	6	0.017876731231808662	13012	11	0	mexicanos		POS	4	felices
7	7	0.014320790767669678	14661	11	0	mexicanos		POS	3	inteligentes
8	8	0.0118646789342165	18206	11	0	mexicanos		POS	2	bonitos
9	9	0.009028486907482147	28932	11	0	mexicanos		POS	1	solidarios
0	0	0.053681276738643646	16111	12	0	mexicanos		NEG	10	santos
1	1	0.05323052033782005	5442	12	0	mexicanos		POS	9	artistas
2	2	0.041633982211351395	32228	12	0	mexicanos		NEG	8	cerdos
3	3	0.03556479886174202	5251	12	0	mexicanos		POS	7	buenos
4	4	0.030955303460359573	20588	12	0	mexicanos		NEG	6	locos
5	5	0.027450600638985634	1733	12	0	mexicanos		POS	5	grandes
6	6	0.0267572570592165	21405	12	0	mexicanos		NEG	4	ladrones
7	7	0.020464401692152023	41403	12	0	mexicanos		POS	3	genios
8	8	0.02005959115922451	7817	12	0	mexicanos		NEG	2	malos
9	9	0.017841573804616928	48968	12	0	mexicanos		NEG	1	chorizos
0	0	0.056338366121053696	5251	0	0	peruanos		POS	10	buenos
1	1	0.03352247178554535	7817	0	0	peruanos		NEG	9	malos
2	2	0.03273792937397957	1938	0	0	peruanos		POS	8	mejores
3	3	0.027143608778715134	28172	0	0	peruanos		POS	7	geniales
4	4	0.026366470381617546	5767	0	0	peruanos		NEG	6	asi
5	5	0.02470695972442627	24579	0	0	peruanos		NEG	5	tontos
6	6	0.020455965772271156	13012	0	0	peruanos		POS	4	felices
7	7	0.018071802332997322	28061	0	0	peruanos		POS	3	maravillosos
8	8	0.015892671421170235	10782	0	0	peruanos		POS	2	ricos
9	9	0.015231957659125328	1733	0	0	peruanos		POS	1	grandes
0	0	0.05117718502879143	5251	1	0	peruanos		POS	10	buenos
1	1	0.03906256705522537	13012	1	0	peruanos		POS	9	felices
2	2	0.03517645224928856	7817	1	0	peruanos		NEG	8	malos
3	3	0.02510504610836506	28172	1	0	peruanos		POS	7	geniales
4	4	0.02396545745432377	10782	1	0	peruanos		POS	6	ricos
5	5	0.019789887592196465	5767	1	0	peruanos		NEU	5	asi
6	6	0.01972450502216816	1938	1	0	peruanos		POS	4	mejores
7	7	0.019502703100442886	24579	1	0	peruanos		NEG	3	tontos
8	8	0.018363285809755325	48316	1	0	peruanos		NEG	2	idiotas
9	9	0.016665184870362282	9859	1	0	peruanos		NEG	1	pobres
0	0	0.059744562953710556	5442	2	0	peruanos		NEU	10	artistas
1	1	0.05187619477510452	21405	2	0	peruanos		NEG	9	ladrones
2	2	0.0436551496386528	16111	2	0	peruanos		NEG	8	santos
3	3	0.04215417802333832	45220	2	0	peruanos		NEG	7	ignorantes
4	4	0.03455129638314247	32228	2	0	peruanos		NEG	6	cerdos
5	5	0.025589095428586006	20782	2	0	peruanos		NEG	5	asesinos
6	6	0.021776540204882622	48316	2	0	peruanos		NEG	4	idiotas
7	7	0.020678164437413216	20588	2	0	peruanos		NEG	3	locos
8	8	0.019993379712104797	7817	2	0	peruanos		NEG	2	malos
9	9	0.019833989441394806	21629	2	0	peruanos		NEU	1	listos
0	0	0.030138671398162842	10782	3	0	peruanos		NEU	10	ricos
1	1	0.027590438723564148	5251	3	0	peruanos		POS	9	buenos
2	2	0.025606706738471985	2656	3	0	peruanos		NEU	8	españoles
3	3	0.022258516401052475	40224	3	0	peruanos		POS	7	bienvenidos
4	4	0.02018309384584427	13012	3	0	peruanos		POS	6	felices
5	5	0.01883043721318245	7481	3	0	peruanos		NEU	5	inmigrantes
6	6	0.018828893080353737	9859	3	0	peruanos		NEG	4	pobres
7	7	0.018388014286756516	12750	3	0	peruanos		NEG	3	ilegales
8	8	0.017201025038957596	364	3	0	peruanos		NEG	2	los
9	9	0.016206346452236176	34931	3	0	peruanos		NEU	1	latinos
0	0	0.038959044963121414	10940	4	0	peruanos		NEG	10	iguales
1	1	0.028930485248565674	2656	4	0	peruanos		NEU	9	españoles
2	2	0.024443738162517548	13012	4	0	peruanos		POS	8	felices
3	3	0.01798212341964245	7789	4	0	peruanos		POS	7	libres
4	4	0.017923545092344284	8349	4	0	peruanos		NEU	6	extranjeros
5	5	0.016563942655920982	9859	4	0	peruanos		NEG	5	pobres
6	6	0.015135898254811764	24579	4	0	peruanos		NEG	4	tontos
7	7	0.015080605633556843	784	4	0	peruanos		NEU	3	todos
8	8	0.01443958654999733	10782	4	0	peruanos		POS	2	ricos
9	9	0.013817996717989445	5251	4	0	peruanos		POS	1	buenos
0	0	0.043545253574848175	13012	5	0	peruanos		POS	10	felices
1	1	0.034290194511413574	10782	5	0	peruanos		POS	9	ricos
2	2	0.024173390120267868	5251	5	0	peruanos		POS	8	buenos
3	3	0.021653147414326668	8349	5	0	peruanos		NEU	7	extranjeros
4	4	0.018762564286589622	364	5	0	peruanos		NEU	6	los
5	5	0.0167061947286129	1361	5	0	peruanos		NEU	5	mas
6	6	0.016058040782809258	2656	5	0	peruanos		NEU	4	españoles
7	7	0.015736401081085205	28172	5	0	peruanos		POS	3	geniales
8	8	0.014575292356312275	40224	5	0	peruanos		POS	2	bienvenidos
9	9	0.01441840548068285	28061	5	0	peruanos		POS	1	maravillosos
0	0	0.18787714838981628	10940	6	0	peruanos		NEG	10	iguales
1	1	0.07836494594812393	13012	6	0	peruanos		POS	9	felices
2	2	0.05341018736362457	5251	6	0	peruanos		POS	8	buenos
3	3	0.026678279042243958	40224	6	0	peruanos		POS	7	bienvenidos
4	4	0.023721307516098022	5767	6	0	peruanos		NEG	6	asi
5	5	0.022628262639045715	2656	6	0	peruanos		NEU	5	españoles
6	6	0.017919063568115234	10782	6	0	peruanos		NEU	4	ricos
7	7	0.012364913709461689	7817	6	0	peruanos		NEG	3	malos
8	8	0.012073206715285778	16111	6	0	peruanos		NEU	2	santos
9	9	0.011959509924054146	7301	6	0	peruanos		NEU	1	hermanos
0	0	0.12135881930589676	6500	7	0	peruanos		NEG	10	afectados
1	1	0.06828933954238892	13012	7	0	peruanos		POS	9	felices
2	2	0.03474946320056915	32757	7	0	peruanos		NEG	8	perjudicados
3	3	0.03423696383833885	8452	7	0	peruanos		NEU	7	interesados
4	4	0.03205779939889908	45663	7	0	peruanos		POS	6	exitosos
5	5	0.031869567930698395	10782	7	0	peruanos		POS	5	ricos
6	6	0.0266466923058033	7478	7	0	peruanos		NEU	4	activos
7	7	0.026350870728492737	9859	7	0	peruanos		NEG	3	pobres
8	8	0.025896040722727776	38131	7	0	peruanos		NEU	2	beneficiados
9	9	0.025377660989761353	21629	7	0	peruanos		NEU	1	listos
0	0	0.23822782933712006	6500	8	0	peruanos		NEU	10	afectados
1	1	0.05118320509791374	32757	8	0	peruanos		NEG	9	perjudicados
2	2	0.044941846281290054	6642	8	0	peruanos		NEU	8	numerosos
3	3	0.034677039831876755	38131	8	0	peruanos		NEU	7	beneficiados
4	4	0.029523827135562897	10782	8	0	peruanos		NEU	6	ricos
5	5	0.028573287650942802	9859	8	0	peruanos		NEG	5	pobres
6	6	0.02234734408557415	40360	8	0	peruanos		NEU	4	buscados
7	7	0.018892383202910423	45663	8	0	peruanos		POS	3	exitosos
8	8	0.01732933521270752	8452	8	0	peruanos		NEU	2	interesados
9	9	0.016105124726891518	7478	8	0	peruanos		NEU	1	activos
0	0	0.11396239697933197	6500	9	0	peruanos		NEG	10	afectados
1	1	0.11006665229797363	9859	9	0	peruanos		NEG	9	pobres
2	2	0.08267853409051895	10782	9	0	peruanos		POS	8	ricos
3	3	0.03319864720106125	13012	9	0	peruanos		POS	7	felices
4	4	0.031166015192866325	32757	9	0	peruanos		NEG	6	perjudicados
5	5	0.0304206945002079	28932	9	0	peruanos		POS	5	solidarios
6	6	0.029372822493314743	16344	9	0	peruanos		NEU	4	vulnerables
7	7	0.02437201887369156	38131	9	0	peruanos		NEU	3	beneficiados
8	8	0.02084088698029518	7478	9	0	peruanos		NEU	2	activos
9	9	0.01626577228307724	30107	9	0	peruanos		NEG	1	desfavorecidos
0	0	0.059592727571725845	6500	10	0	peruanos		NEU	10	afectados
1	1	0.04805954918265343	6642	10	0	peruanos		NEU	9	numerosos
2	2	0.04551202431321144	24627	10	0	peruanos		NEU	8	solicitados
3	3	0.04010405018925667	8452	10	0	peruanos		NEU	7	interesados
4	4	0.03583529591560364	40360	10	0	peruanos		NEU	6	buscados
5	5	0.030862685292959213	7478	10	0	peruanos		NEU	5	activos
6	6	0.026710471138358116	14364	10	0	peruanos		POS	4	fieles
7	7	0.02647126279771328	33928	10	0	peruanos		NEU	3	demandados
8	8	0.022379284724593163	9096	10	0	peruanos		NEU	2	viajeros
9	9	0.02119082771241665	39076	10	0	peruanos		NEU	1	visitados
0	0	0.4304419755935669	5251	11	0	peruanos		POS	10	buenos
1	1	0.03901708126068115	10782	11	0	peruanos		POS	9	ricos
2	2	0.035709623247385025	21629	11	0	peruanos		NEU	8	listos
3	3	0.030459385365247726	1733	11	0	peruanos		POS	7	grandes
4	4	0.029909441247582436	7817	11	0	peruanos		NEG	6	malos
5	5	0.029467368498444557	44664	11	0	peruanos		POS	5	guapos
6	6	0.01838335208594799	14661	11	0	peruanos		POS	4	inteligentes
7	7	0.0157166775316	13012	11	0	peruanos		POS	3	felices
8	8	0.010676272213459015	21835	11	0	peruanos		NEU	2	curiosos
9	9	0.010476965457201004	28932	11	0	peruanos		POS	1	solidarios
0	0	0.07397734373807907	16111	12	0	peruanos		NEG	10	santos
1	1	0.05235488712787628	5442	12	0	peruanos		POS	9	artistas
2	2	0.04299730062484741	32228	12	0	peruanos		NEG	8	cerdos
3	3	0.032023683190345764	20588	12	0	peruanos		NEG	7	locos
4	4	0.027172759175300598	1733	12	0	peruanos		POS	6	grandes
5	5	0.024549242109060287	5251	12	0	peruanos		POS	5	buenos
6	6	0.023046093061566353	21405	12	0	peruanos		NEG	4	ladrones
7	7	0.02284277230501175	17634	12	0	peruanos		POS	3	campeones
8	8	0.02234438806772232	41403	12	0	peruanos		POS	2	genios
9	9	0.017045175656676292	45220	12	0	peruanos		NEG	1	ignorantes
0	0	0.04338180273771286	5251	0	0	marroquíes		POS	10	buenos
1	1	0.02840013988316059	7817	0	0	marroquíes		NEG	9	malos
2	2	0.02500953897833824	24579	0	0	marroquíes		NEG	8	tontos
3	3	0.02371992915868759	36396	0	0	marroquíes		NEG	7	gilipollas
4	4	0.022652436047792435	2656	0	0	marroquíes		NEU	6	españoles
5	5	0.019941236823797226	1938	0	0	marroquíes		POS	5	mejores
6	6	0.016545407474040985	13012	0	0	marroquíes		POS	4	felices
7	7	0.014523428864777088	11864	0	0	marroquíes		NEG	3	peores
8	8	0.013953804969787598	26014	0	0	marroquíes		NEG	2	racistas
9	9	0.013041880913078785	28061	0	0	marroquíes		POS	1	maravillosos
0	0	0.03449532017111778	13012	1	0	marroquíes		POS	10	felices
1	1	0.03239066153764725	40224	1	0	marroquíes		POS	9	bienvenidos
2	2	0.026398206129670143	7481	1	0	marroquíes		NEU	8	inmigrantes
3	3	0.022270599380135536	20948	1	0	marroquíes		NEG	7	delincuentes
4	4	0.019199106842279434	5251	1	0	marroquíes		POS	6	buenos
5	5	0.01869623363018036	2656	1	0	marroquíes		NEU	5	españoles
6	6	0.016300853341817856	8349	1	0	marroquíes		NEU	4	extranjeros
7	7	0.01573176123201847	9859	1	0	marroquíes		NEG	3	pobres
8	8	0.01455129124224186	9739	1	0	marroquíes		NEG	2	terroristas
9	9	0.013906327076256275	12750	1	0	marroquíes		NEG	1	ilegales
0	0	0.05905787646770477	21405	2	0	marroquíes		NEG	10	ladrones
1	1	0.05641353502869606	32228	2	0	marroquíes		NEG	9	cerdos
2	2	0.042268794029951096	5442	2	0	marroquíes		NEU	8	artistas
3	3	0.03414274379611015	48968	2	0	marroquíes		NEG	7	chorizos
4	4	0.03136216849088669	45220	2	0	marroquíes		NEG	6	ignorantes
5	5	0.030596891418099403	16111	2	0	marroquíes		NEG	5	santos
6	6	0.030205033719539642	20782	2	0	marroquíes		NEG	4	asesinos
7	7	0.029586682096123695	20948	2	0	marroquíes		NEG	3	delincuentes
8	8	0.027309764176607132	21815	2	0	marroquíes		NEG	2	criminales
9	9	0.0260305218398571	36396	2	0	marroquíes		NEG	1	gilipollas
0	0	0.10449391603469849	40224	3	0	marroquíes		POS	10	bienvenidos
1	1	0.09755400568246841	12750	3	0	marroquíes		NEG	9	ilegales
2	2	0.0363033227622509	2134	3	0	marroquíes		NEU	8	mayoría
3	3	0.024198384955525398	7481	3	0	marroquíes		NEU	7	inmigrantes
4	4	0.02280534617602825	16253	3	0	marroquíes		NEU	6	minoría
5	5	0.018611744046211243	2656	3	0	marroquíes		NEU	5	españoles
6	6	0.01677727699279785	32802	3	0	marroquíes		NEU	4	expulsados
7	7	0.013490797951817513	20948	3	0	marroquíes		NEG	3	delincuentes
8	8	0.0134312454611063	8349	3	0	marroquíes		NEU	2	extranjeros
9	9	0.013366250321269035	9859	3	0	marroquíes		NEG	1	pobres
0	0	0.06719368696212769	40224	4	0	marroquíes		POS	10	bienvenidos
1	1	0.03780088201165199	2656	4	0	marroquíes		NEU	9	españoles
2	2	0.036570362746715546	8349	4	0	marroquíes		NEU	8	extranjeros
3	3	0.0339762307703495	12750	4	0	marroquíes		NEG	7	ilegales
4	4	0.026987647637724876	7481	4	0	marroquíes		NEU	6	inmigrantes
5	5	0.02473190799355507	25396	4	0	marroquíes		NEG	5	esclavos
6	6	0.023034676909446716	15615	4	0	marroquíes		NEU	4	musulmanes
7	7	0.019669897854328156	2134	4	0	marroquíes		NEU	3	mayoría
8	8	0.015984805300831795	467	4	0	marroquíes		NEU	2	más
9	9	0.012967568822205067	364	4	0	marroquíes		NEU	1	los
0	0	0.06877411901950836	467	5	0	marroquíes		NEU	10	más
1	1	0.060607168823480606	2134	5	0	marroquíes		NEU	9	mayoría
2	2	0.04241141676902771	40224	5	0	marroquíes		POS	8	bienvenidos
3	3	0.02297499030828476	13012	5	0	marroquíes		POS	7	felices
4	4	0.021791361272335052	8349	5	0	marroquíes		NEU	6	extranjeros
5	5	0.019937902688980103	2656	5	0	marroquíes		NEU	5	españoles
6	6	0.019449127838015556	364	5	0	marroquíes		NEU	4	los
7	7	0.015827778726816177	1111	5	0	marroquíes		NEU	3	menos
8	8	0.015525225549936295	10782	5	0	marroquíes		POS	2	ricos
9	9	0.015164368785917759	1581	5	0	marroquíes		NEU	1	muchos
0	0	0.1888614445924759	2656	6	0	marroquíes		NEU	10	españoles
1	1	0.188494011759758	40224	6	0	marroquíes		POS	9	bienvenidos
2	2	0.024830186739563942	10940	6	0	marroquíes		NEG	8	iguales
3	3	0.019056718796491623	15615	6	0	marroquíes		NEU	7	musulmanes
4	4	0.016888784244656563	5251	6	0	marroquíes		POS	6	buenos
5	5	0.014253188855946064	27900	6	0	marroquíes		NEU	5	marroquíes
6	6	0.013558954931795597	8349	6	0	marroquíes		NEU	4	extranjeros
7	7	0.01353549212217331	3061	6	0	marroquíes		NEU	3	gratis
8	8	0.011893163435161114	13012	6	0	marroquíes		POS	2	felices
9	9	0.01084804255515337	13228	6	0	marroquíes		NEG	1	negros
0	0	0.2581115961074829	6500	7	0	marroquíes		NEG	10	afectados
1	1	0.11012686789035797	32757	7	0	marroquíes		NEG	9	perjudicados
2	2	0.03594708442687988	8452	7	0	marroquíes		NEU	8	interesados
3	3	0.029131250455975533	38131	7	0	marroquíes		NEU	7	beneficiados
4	4	0.023942405357956886	7478	7	0	marroquíes		NEU	6	activos
5	5	0.015817418694496155	16344	7	0	marroquíes		NEU	5	vulnerables
6	6	0.015302343294024467	24627	7	0	marroquíes		NEU	4	solicitados
7	7	0.015119682066142559	33928	7	0	marroquíes		NEG	3	demandados
8	8	0.01467038318514824	40360	7	0	marroquíes		NEU	2	buscados
9	9	0.013159453868865967	9859	7	0	marroquíes		NEG	1	pobres
0	0	0.36374276876449585	6500	8	0	marroquíes		NEG	10	afectados
1	1	0.11551252007484436	32757	8	0	marroquíes		NEG	9	perjudicados
2	2	0.09725617617368698	6642	8	0	marroquíes		NEU	8	numerosos
3	3	0.021790126338601112	38131	8	0	marroquíes		NEU	7	beneficiados
4	4	0.018421011045575142	16344	8	0	marroquíes		NEG	6	vulnerables
5	5	0.015403181314468384	9131	8	0	marroquíes		NEU	5	habituales
6	6	0.014591354876756668	9859	8	0	marroquíes		NEG	4	pobres
7	7	0.014531613327562809	40360	8	0	marroquíes		NEU	3	buscados
8	8	0.01313693542033434	33928	8	0	marroquíes		NEG	2	demandados
9	9	0.01266317255795002	7478	8	0	marroquíes		NEU	1	activos
0	0	0.26948896050453186	6500	9	0	marroquíes		NEG	10	afectados
1	1	0.1164473220705986	32757	9	0	marroquíes		NEG	9	perjudicados
2	2	0.038394905626773834	9859	9	0	marroquíes		NEG	8	pobres
3	3	0.035583995282649994	6642	9	0	marroquíes		NEU	7	numerosos
4	4	0.025530656799674034	38131	9	0	marroquíes		NEU	6	beneficiados
5	5	0.023795826360583305	7478	9	0	marroquíes		NEU	5	activos
6	6	0.02091655693948269	10782	9	0	marroquíes		POS	4	ricos
7	7	0.02017061784863472	16344	9	0	marroquíes		NEU	3	vulnerables
8	8	0.016068939119577408	30107	9	0	marroquíes		NEG	2	desfavorecidos
9	9	0.014186795800924301	8452	9	0	marroquíes		NEU	1	interesados
0	0	0.13328813016414642	6500	10	0	marroquíes		NEG	10	afectados
1	1	0.1303420215845108	6642	10	0	marroquíes		NEU	9	numerosos
2	2	0.07642991840839386	33928	10	0	marroquíes		NEG	8	demandados
3	3	0.07027268409729004	24627	10	0	marroquíes		NEU	7	solicitados
4	4	0.03677169978618622	40360	10	0	marroquíes		NEU	6	buscados
5	5	0.03566361218690872	32757	10	0	marroquíes		NEG	5	perjudicados
6	6	0.03277474641799927	8452	10	0	marroquíes		NEU	4	interesados
7	7	0.031201578676700592	9131	10	0	marroquíes		NEU	3	habituales
8	8	0.02434084191918373	38131	10	0	marroquíes		NEU	2	beneficiados
9	9	0.022100916132330894	7478	10	0	marroquíes		NEU	1	activos
0	0	0.3081298768520355	5251	11	0	marroquíes		POS	10	buenos
1	1	0.05941236764192581	44664	11	0	marroquíes		POS	9	guapos
2	2	0.04714854434132576	39679	11	0	marroquíes		POS	8	amables
3	3	0.029179647564888	10782	11	0	marroquíes		POS	7	ricos
4	4	0.020701514557003975	21835	11	0	marroquíes		NEU	6	curiosos
5	5	0.017723381519317627	32359	11	0	marroquíes		POS	5	monos
6	6	0.01729578897356987	18206	11	0	marroquíes		POS	4	bonitos
7	7	0.016994060948491096	28932	11	0	marroquíes		POS	3	solidarios
8	8	0.01608469896018505	7817	11	0	marroquíes		NEG	2	malos
9	9	0.015461896546185017	21629	11	0	marroquíes		NEU	1	listos
0	0	0.05614497885107994	32228	12	0	marroquíes		NEG	10	cerdos
1	1	0.043623290956020355	16111	12	0	marroquíes		NEG	9	santos
2	2	0.04258375242352486	21405	12	0	marroquíes		NEG	8	ladrones
3	3	0.039881497621536255	48968	12	0	marroquíes		NEG	7	chorizos
4	4	0.0335964672267437	5442	12	0	marroquíes		POS	6	artistas
5	5	0.023575635626912117	36396	12	0	marroquíes		NEG	5	gilipollas
6	6	0.021297777071595192	20185	12	0	marroquíes		NEG	4	nazis
7	7	0.02050100266933441	20782	12	0	marroquíes		NEG	3	asesinos
8	8	0.019870765507221222	24384	12	0	marroquíes		NEG	2	salvajes
9	9	0.016483547165989876	47442	12	0	marroquíes		NEG	1	bestias
0	0	0.037433650344610214	5251	0	0	argelinos		POS	10	buenos
1	1	0.022987578064203262	26014	0	0	argelinos		NEG	9	racistas
2	2	0.02226349152624607	2656	0	0	argelinos		NEG	8	españoles
3	3	0.021266918629407883	7817	0	0	argelinos		NEG	7	malos
4	4	0.02071210741996765	1938	0	0	argelinos		POS	6	mejores
5	5	0.018903369084000587	24579	0	0	argelinos		NEG	5	tontos
6	6	0.017591919749975204	36396	0	0	argelinos		NEG	4	gilipollas
7	7	0.016534175723791122	13012	0	0	argelinos		POS	3	felices
8	8	0.014905649237334728	40224	0	0	argelinos		POS	2	bienvenidos
9	9	0.012351126410067081	10940	0	0	argelinos		NEG	1	iguales
0	0	0.03648616373538971	9739	1	0	argelinos		NEG	10	terroristas
1	1	0.027409980073571205	20948	1	0	argelinos		NEG	9	delincuentes
2	2	0.023925689980387688	26014	1	0	argelinos		NEG	8	racistas
3	3	0.022193245589733124	40224	1	0	argelinos		POS	7	bienvenidos
4	4	0.02219276875257492	5251	1	0	argelinos		POS	6	buenos
5	5	0.022021742537617683	20782	1	0	argelinos		NEG	5	asesinos
6	6	0.021809875965118408	18293	1	0	argelinos		NEG	4	peligrosos
7	7	0.02062542922794819	13012	1	0	argelinos		POS	3	felices
8	8	0.020023716613650322	21815	1	0	argelinos		NEG	2	criminales
9	9	0.01790054515004158	7481	1	0	argelinos		NEG	1	inmigrantes
0	0	0.06198860704898834	21405	2	0	argelinos		NEG	10	ladrones
1	1	0.05993662774562836	32228	2	0	argelinos		NEG	9	cerdos
2	2	0.040993425995111465	20782	2	0	argelinos		NEG	8	asesinos
3	3	0.03797101229429245	5442	2	0	argelinos		NEU	7	artistas
4	4	0.03457636386156082	48968	2	0	argelinos		NEG	6	chorizos
5	5	0.03269892558455467	21815	2	0	argelinos		NEG	5	criminales
6	6	0.03249543160200119	16111	2	0	argelinos		NEG	4	santos
7	7	0.030224263668060303	20185	2	0	argelinos		NEG	3	nazis
8	8	0.030031470581889153	24384	2	0	argelinos		NEG	2	salvajes
9	9	0.025928527116775513	45220	2	0	argelinos		NEG	1	ignorantes
0	0	0.12294621020555496	12750	3	0	argelinos		NEG	10	ilegales
1	1	0.07397495210170746	40224	3	0	argelinos		NEU	9	bienvenidos
2	2	0.026832658797502518	7481	3	0	argelinos		NEG	8	inmigrantes
3	3	0.02311362326145172	2656	3	0	argelinos		NEU	7	españoles
4	4	0.020444147288799286	32802	3	0	argelinos		NEU	6	expulsados
5	5	0.017006030306220055	20948	3	0	argelinos		NEG	5	delincuentes
6	6	0.016858551651239395	38520	3	0	argelinos		NEG	4	perseguidos
7	7	0.01657824032008648	15615	3	0	argelinos		NEU	3	musulmanes
8	8	0.014964492991566658	364	3	0	argelinos		NEG	2	los
9	9	0.012775180861353874	8349	3	0	argelinos		NEG	1	extranjeros
0	0	0.06390686333179474	40224	4	0	argelinos		POS	10	bienvenidos
1	1	0.03168099746108055	8349	4	0	argelinos		NEG	9	extranjeros
2	2	0.029438888654112816	12750	4	0	argelinos		NEG	8	ilegales
3	3	0.02656385488808155	15615	4	0	argelinos		NEU	7	musulmanes
4	4	0.026542240753769875	2656	4	0	argelinos		NEU	6	españoles
5	5	0.02522064559161663	7481	4	0	argelinos		NEG	5	inmigrantes
6	6	0.021807154640555382	25396	4	0	argelinos		NEG	4	esclavos
7	7	0.017557820305228233	38520	4	0	argelinos		NEG	3	perseguidos
8	8	0.016427891328930855	9739	4	0	argelinos		NEG	2	terroristas
9	9	0.016219669952988625	364	4	0	argelinos		NEG	1	los
0	0	0.045664165169000626	13012	5	0	argelinos		POS	10	felices
1	1	0.03552472963929176	40224	5	0	argelinos		POS	9	bienvenidos
2	2	0.030434604734182358	364	5	0	argelinos		NEG	8	los
3	3	0.029499903321266174	8349	5	0	argelinos		NEG	7	extranjeros
4	4	0.02600116841495037	2656	5	0	argelinos		NEU	6	españoles
5	5	0.024077704176306725	467	5	0	argelinos		NEG	5	más
6	6	0.0166492722928524	2134	5	0	argelinos		NEU	4	mayoría
7	7	0.015707816928625107	10782	5	0	argelinos		POS	3	ricos
8	8	0.011773787438869476	9859	5	0	argelinos		NEG	2	pobres
9	9	0.01151112001389265	1581	5	0	argelinos		NEG	1	muchos
0	0	0.2006046175956726	40224	6	0	argelinos		NEU	10	bienvenidos
1	1	0.15613600611686707	2656	6	0	argelinos		NEG	9	españoles
2	2	0.0523366779088974	15615	6	0	argelinos		NEG	8	musulmanes
3	3	0.03610653802752495	10940	6	0	argelinos		NEG	7	iguales
4	4	0.027133570984005928	7481	6	0	argelinos		NEG	6	inmigrantes
5	5	0.017678046599030495	8349	6	0	argelinos		NEG	5	extranjeros
6	6	0.01642308570444584	13012	6	0	argelinos		NEU	4	felices
7	7	0.013330169022083282	5251	6	0	argelinos		POS	3	buenos
8	8	0.010713768191635609	13228	6	0	argelinos		NEG	2	negros
9	9	0.010169143788516521	5683	6	0	argelinos		NEG	1	europeos
0	0	0.31330445408821106	6500	7	0	argelinos		NEG	10	afectados
1	1	0.10347214341163635	32757	7	0	argelinos		NEG	9	perjudicados
2	2	0.028816187754273415	16344	7	0	argelinos		NEG	8	vulnerables
3	3	0.020798439159989357	8452	7	0	argelinos		NEG	7	interesados
4	4	0.020662203431129456	38131	7	0	argelinos		NEU	6	beneficiados
5	5	0.017736367881298065	9859	7	0	argelinos		NEG	5	pobres
6	6	0.017551178112626076	38520	7	0	argelinos		NEG	4	perseguidos
7	7	0.01725606620311737	18293	7	0	argelinos		NEG	3	peligrosos
8	8	0.01651247963309288	40360	7	0	argelinos		NEU	2	buscados
9	9	0.016126245260238647	33967	7	0	argelinos		NEU	1	jovenes
0	0	0.46832749247550964	6500	8	0	argelinos		NEG	10	afectados
1	1	0.09921912848949432	32757	8	0	argelinos		NEG	9	perjudicados
2	2	0.07459457963705063	6642	8	0	argelinos		NEU	8	numerosos
3	3	0.032363541424274445	16344	8	0	argelinos		NEG	7	vulnerables
4	4	0.016873132437467575	38131	8	0	argelinos		NEU	6	beneficiados
5	5	0.015255937352776527	40360	8	0	argelinos		NEU	5	buscados
6	6	0.013861126266419888	9859	8	0	argelinos		NEG	4	pobres
7	7	0.011005135253071785	38520	8	0	argelinos		NEG	3	perseguidos
8	8	0.010344995185732841	48572	8	0	argelinos		NEG	2	castigados
9	9	0.01008292380720377	7478	8	0	argelinos		NEU	1	activos
0	0	0.3541410267353058	6500	9	0	argelinos		NEG	10	afectados
1	1	0.10232376307249069	32757	9	0	argelinos		NEG	9	perjudicados
2	2	0.04202239215373993	9859	9	0	argelinos		NEG	8	pobres
3	3	0.036794595420360565	16344	9	0	argelinos		NEG	7	vulnerables
4	4	0.027799565345048904	6642	9	0	argelinos		NEU	6	numerosos
5	5	0.0220479853451252	38131	9	0	argelinos		NEU	5	beneficiados
6	6	0.022043507546186447	7478	9	0	argelinos		NEU	4	activos
7	7	0.019277233630418777	10782	9	0	argelinos		NEU	3	ricos
8	8	0.01580253802239895	30107	9	0	argelinos		NEG	2	desfavorecidos
9	9	0.011187417432665825	28932	9	0	argelinos		POS	1	solidarios
0	0	0.21973367035388947	6500	10	0	argelinos		NEG	10	afectados
1	1	0.07954736053943634	6642	10	0	argelinos		NEU	9	numerosos
2	2	0.05720381438732147	40360	10	0	argelinos		NEU	8	buscados
3	3	0.043699946254491806	33928	10	0	argelinos		NEG	7	demandados
4	4	0.04342815279960632	24627	10	0	argelinos		NEU	6	solicitados
5	5	0.043394286185503006	32757	10	0	argelinos		NEG	5	perjudicados
6	6	0.0249176025390625	7478	10	0	argelinos		NEU	4	activos
7	7	0.02329854667186737	8452	10	0	argelinos		NEG	3	interesados
8	8	0.02296999655663967	38131	10	0	argelinos		NEU	2	beneficiados
9	9	0.020377226173877716	9131	10	0	argelinos		NEU	1	habituales
0	0	0.35648101568222046	5251	11	0	argelinos		POS	10	buenos
1	1	0.04664282128214836	44664	11	0	argelinos		POS	9	guapos
2	2	0.0436641164124012	7817	11	0	argelinos		NEG	8	malos
3	3	0.03245308995246887	10782	11	0	argelinos		POS	7	ricos
4	4	0.02352960966527462	21629	11	0	argelinos		NEU	6	listos
5	5	0.016296090558171272	39679	11	0	argelinos		POS	5	amables
6	6	0.01506858877837658	18293	11	0	argelinos		NEG	4	peligrosos
7	7	0.01504026260226965	27290	11	0	argelinos		NEU	3	parecidos
8	8	0.013792997226119041	1733	11	0	argelinos		NEG	2	grandes
9	9	0.013700663112103939	14661	11	0	argelinos		NEU	1	inteligentes
0	0	0.0679725781083107	32228	12	0	argelinos		NEG	10	cerdos
1	1	0.04523254185914993	16111	12	0	argelinos		NEG	9	santos
2	2	0.03748450428247452	21405	12	0	argelinos		NEG	8	ladrones
3	3	0.03251450136303902	48968	12	0	argelinos		NEG	7	chorizos
4	4	0.03232401981949806	5442	12	0	argelinos		NEG	6	artistas
5	5	0.031145349144935608	20185	12	0	argelinos		NEG	5	nazis
6	6	0.028214652091264725	20782	12	0	argelinos		NEG	4	asesinos
7	7	0.02554931864142418	24384	12	0	argelinos		NEG	3	salvajes
8	8	0.02088150382041931	47442	12	0	argelinos		NEG	2	bestias
9	9	0.01999419368803501	36396	12	0	argelinos		NEG	1	gilipollas
0	0	0.06201964244246483	1938	0	0	sudafricanos		POS	10	mejores
1	1	0.04723840579390526	9221	0	0	sudafricanos		POS	9	favoritos
2	2	0.029168393462896347	5251	0	0	sudafricanos		POS	8	buenos
3	3	0.02210470661520958	8444	0	0	sudafricanos		POS	7	superiores
4	4	0.021008262410759926	17634	0	0	sudafricanos		POS	6	campeones
5	5	0.015238645486533642	33974	0	0	sudafricanos		POS	5	fantásticos
6	6	0.01378678996115923	28172	0	0	sudafricanos		POS	4	geniales
7	7	0.012985470704734325	6959	0	0	sudafricanos		POS	3	fuertes
8	8	0.012711170129477978	467	0	0	sudafricanos		NEU	2	más
9	9	0.012549477629363537	1733	0	0	sudafricanos		POS	1	grandes
0	0	0.05841391906142235	13012	1	0	sudafricanos		POS	10	felices
1	1	0.033477433025836945	5251	1	0	sudafricanos		POS	9	buenos
2	2	0.023991286754608154	364	1	0	sudafricanos		NEU	8	los
3	3	0.02007080614566803	10782	1	0	sudafricanos		POS	7	ricos
4	4	0.017088698223233223	1938	1	0	sudafricanos		POS	6	mejores
5	5	0.01622498221695423	28172	1	0	sudafricanos		POS	5	geniales
6	6	0.011457101441919804	727	1	0	sudafricanos		NEU	4	muy
7	7	0.011364342644810677	5767	1	0	sudafricanos		NEU	3	asi
8	8	0.010914108715951443	7817	1	0	sudafricanos		NEG	2	malos
9	9	0.00991822313517332	14080	1	0	sudafricanos		POS	1	excelentes
0	0	0.05641140416264534	32228	2	0	sudafricanos		NEG	10	cerdos
1	1	0.04382419213652611	5442	2	0	sudafricanos		POS	9	artistas
2	2	0.04150663688778877	16111	2	0	sudafricanos		NEG	8	santos
3	3	0.03885927423834801	21405	2	0	sudafricanos		NEG	7	ladrones
4	4	0.038346052169799805	45220	2	0	sudafricanos		NEG	6	ignorantes
5	5	0.027553802356123924	36396	2	0	sudafricanos		NEG	5	gilipollas
6	6	0.02406305819749832	48316	2	0	sudafricanos		NEG	4	idiotas
7	7	0.023827597498893738	20782	2	0	sudafricanos		NEG	3	asesinos
8	8	0.020813463255763054	21815	2	0	sudafricanos		NEG	2	criminales
9	9	0.02053176239132881	41403	2	0	sudafricanos		POS	1	genios
0	0	0.06252837926149368	364	3	0	sudafricanos		NEG	10	los
1	1	0.04218074306845665	40224	3	0	sudafricanos		POS	9	bienvenidos
2	2	0.0364307276904583	7481	3	0	sudafricanos		NEU	8	inmigrantes
3	3	0.02377144619822502	10782	3	0	sudafricanos		POS	7	ricos
4	4	0.02289218083024025	12750	3	0	sudafricanos		NEG	6	ilegales
5	5	0.0211818628013134	467	3	0	sudafricanos		NEU	5	más
6	6	0.015671472996473312	9859	3	0	sudafricanos		NEG	4	pobres
7	7	0.015633532777428627	2134	3	0	sudafricanos		NEU	3	mayoría
8	8	0.013629335910081863	13012	3	0	sudafricanos		POS	2	felices
9	9	0.012050838209688663	727	3	0	sudafricanos		NEG	1	muy
0	0	0.050564009696245193	364	4	0	sudafricanos		NEU	10	los
1	1	0.03429663926362991	467	4	0	sudafricanos		POS	9	más
2	2	0.021698925644159317	13012	4	0	sudafricanos		POS	8	felices
3	3	0.019661350175738335	25396	4	0	sudafricanos		NEG	7	esclavos
4	4	0.016972992569208145	10782	4	0	sudafricanos		POS	6	ricos
5	5	0.016519932076334953	10940	4	0	sudafricanos		NEU	5	iguales
6	6	0.013354907743632793	727	4	0	sudafricanos		NEG	4	muy
7	7	0.013350018300116062	9859	4	0	sudafricanos		NEG	3	pobres
8	8	0.012801634147763252	7481	4	0	sudafricanos		NEU	2	inmigrantes
9	9	0.011912645772099495	784	4	0	sudafricanos		NEU	1	todos
0	0	0.06795335561037064	364	5	0	sudafricanos		NEU	10	los
1	1	0.044040974229574203	467	5	0	sudafricanos		NEU	9	más
2	2	0.03444066271185875	13012	5	0	sudafricanos		POS	8	felices
3	3	0.022632429376244545	727	5	0	sudafricanos		NEU	7	muy
4	4	0.018762782216072083	10782	5	0	sudafricanos		POS	6	ricos
5	5	0.015897143632173538	8349	5	0	sudafricanos		NEU	5	extranjeros
6	6	0.013273058459162712	40224	5	0	sudafricanos		POS	4	bienvenidos
7	7	0.013114620000123978	1581	5	0	sudafricanos		NEU	3	muchos
8	8	0.010390137322247028	313	5	0	sudafricanos		NEU	2	de
9	9	0.009976886212825775	5251	5	0	sudafricanos		POS	1	buenos
0	0	0.09199214726686478	10940	6	0	sudafricanos		NEG	10	iguales
1	1	0.04536234959959984	13012	6	0	sudafricanos		POS	9	felices
2	2	0.030008211731910706	13228	6	0	sudafricanos		NEG	8	negros
3	3	0.022314559668302536	5251	6	0	sudafricanos		POS	7	buenos
4	4	0.02151215821504593	40224	6	0	sudafricanos		POS	6	bienvenidos
5	5	0.02028983272612095	2656	6	0	sudafricanos		NEU	5	españoles
6	6	0.017998747527599335	974	6	0	sudafricanos		NEU	4	así
7	7	0.01796169951558113	11941	6	0	sudafricanos		NEU	3	blancos
8	8	0.014302239753305912	29710	6	0	sudafricanos		NEU	2	gays
9	9	0.013878184370696545	15615	6	0	sudafricanos		NEU	1	musulmanes
0	0	0.21010738611221313	6500	7	0	sudafricanos		NEG	10	afectados
1	1	0.06295411288738251	32757	7	0	sudafricanos		NEG	9	perjudicados
2	2	0.02749430574476719	38131	7	0	sudafricanos		NEU	8	beneficiados
3	3	0.02716706693172455	7478	7	0	sudafricanos		NEU	7	activos
4	4	0.026719339191913605	8452	7	0	sudafricanos		NEU	6	interesados
5	5	0.026138026267290115	13012	7	0	sudafricanos		POS	5	felices
6	6	0.022251470014452934	10782	7	0	sudafricanos		POS	4	ricos
7	7	0.01952097751200199	45663	7	0	sudafricanos		POS	3	exitosos
8	8	0.01640833169221878	9859	7	0	sudafricanos		NEG	2	pobres
9	9	0.015156525187194347	33967	7	0	sudafricanos		NEU	1	jovenes
0	0	0.35916733741760254	6500	8	0	sudafricanos		NEG	10	afectados
1	1	0.08262959867715836	6642	8	0	sudafricanos		NEU	9	numerosos
2	2	0.08204703032970428	32757	8	0	sudafricanos		NEG	8	perjudicados
3	3	0.03182481601834297	38131	8	0	sudafricanos		NEU	7	beneficiados
4	4	0.018616721034049988	16344	8	0	sudafricanos		NEU	6	vulnerables
5	5	0.01731657236814499	9859	8	0	sudafricanos		NEG	5	pobres
6	6	0.016040047630667686	7478	8	0	sudafricanos		NEU	4	activos
7	7	0.014068891294300556	40360	8	0	sudafricanos		NEU	3	buscados
8	8	0.0135613102465868	10782	8	0	sudafricanos		NEU	2	ricos
9	9	0.011929947882890701	30107	8	0	sudafricanos		NEG	1	desfavorecidos
0	0	0.2418287843465805	6500	9	0	sudafricanos		NEG	10	afectados
1	1	0.06259721517562866	32757	9	0	sudafricanos		NEG	9	perjudicados
2	2	0.05814677104353905	9859	9	0	sudafricanos		NEG	8	pobres
3	3	0.056387677788734436	10782	9	0	sudafricanos		POS	7	ricos
4	4	0.031113754957914352	7478	9	0	sudafricanos		NEU	6	activos
5	5	0.023995360359549522	16344	9	0	sudafricanos		NEG	5	vulnerables
6	6	0.01847248524427414	38131	9	0	sudafricanos		NEU	4	beneficiados
7	7	0.017808061093091965	13012	9	0	sudafricanos		POS	3	felices
8	8	0.015662062913179398	28932	9	0	sudafricanos		POS	2	solidarios
9	9	0.013510912656784058	35425	9	0	sudafricanos		POS	1	afortunados
0	0	0.13379745185375214	6500	10	0	sudafricanos		NEG	10	afectados
1	1	0.0719398483633995	6642	10	0	sudafricanos		NEU	9	numerosos
2	2	0.040578894317150116	40360	10	0	sudafricanos		NEU	8	buscados
3	3	0.036768097430467606	24627	10	0	sudafricanos		NEU	7	solicitados
4	4	0.034643955528736115	7478	10	0	sudafricanos		NEU	6	activos
5	5	0.03066987171769142	33928	10	0	sudafricanos		NEU	5	demandados
6	6	0.027210328727960587	32757	10	0	sudafricanos		NEG	4	perjudicados
7	7	0.022828612476587296	8452	10	0	sudafricanos		NEU	3	interesados
8	8	0.021552585065364838	5619	10	0	sudafricanos		NEU	2	populares
9	9	0.01924673095345497	38131	10	0	sudafricanos		NEU	1	beneficiados
0	0	0.45491933822631836	5251	11	0	sudafricanos		POS	10	buenos
1	1	0.039939034730196	6959	11	0	sudafricanos		NEU	9	fuertes
2	2	0.028874393552541733	18293	11	0	sudafricanos		NEG	8	peligrosos
3	3	0.026091713458299637	1733	11	0	sudafricanos		POS	7	grandes
4	4	0.025647837668657303	7817	11	0	sudafricanos		NEG	6	malos
5	5	0.02241513878107071	21629	11	0	sudafricanos		NEU	5	listos
6	6	0.013721884228289127	8444	11	0	sudafricanos		POS	4	superiores
7	7	0.013400400057435036	19208	11	0	sudafricanos		NEU	3	rápidos
8	8	0.01117037609219551	27290	11	0	sudafricanos		NEU	2	parecidos
9	9	0.011133461259305477	14661	11	0	sudafricanos		POS	1	inteligentes
0	0	0.07457932084798813	32228	12	0	sudafricanos		NEG	10	cerdos
1	1	0.046164222061634064	16111	12	0	sudafricanos		NEG	9	santos
2	2	0.0263752993196249	20185	12	0	sudafricanos		NEG	8	nazis
3	3	0.02539142780005932	20588	12	0	sudafricanos		NEG	7	locos
4	4	0.024675125256180763	5442	12	0	sudafricanos		POS	6	artistas
5	5	0.022178582847118378	24384	12	0	sudafricanos		NEG	5	salvajes
6	6	0.022013839334249496	48968	12	0	sudafricanos		NEG	4	chorizos
7	7	0.02175440452992916	36396	12	0	sudafricanos		NEG	3	gilipollas
8	8	0.02164185419678688	41403	12	0	sudafricanos		POS	2	genios
9	9	0.021533502265810966	28117	12	0	sudafricanos		NEG	1	lobos
0	0	0.09750161319971085	28172	0	0	chinos		POS	10	geniales
1	1	0.05399704724550247	5251	0	0	chinos		POS	9	buenos
2	2	0.03535483032464981	1938	0	0	chinos		POS	8	mejores
3	3	0.032115478068590164	28061	0	0	chinos		POS	7	maravillosos
4	4	0.027053551748394966	7817	0	0	chinos		NEG	6	malos
5	5	0.01783895306289196	10782	0	0	chinos		POS	5	ricos
6	6	0.016805455088615417	24579	0	0	chinos		NEG	4	tontos
7	7	0.014614144340157509	36396	0	0	chinos		NEG	3	gilipollas
8	8	0.012216542847454548	5767	0	0	chinos		NEG	2	asi
9	9	0.010935028083622456	34754	0	0	chinos		NEG	1	raros
0	0	0.053384870290756226	13012	1	0	chinos		POS	10	felices
1	1	0.04365210607647896	24579	1	0	chinos		NEG	9	tontos
2	2	0.03766525909304619	5251	1	0	chinos		POS	8	buenos
3	3	0.03391089290380478	28172	1	0	chinos		POS	7	geniales
4	4	0.02858404628932476	7817	1	0	chinos		NEG	6	malos
5	5	0.02703644335269928	10782	1	0	chinos		POS	5	ricos
6	6	0.026379495859146118	5767	1	0	chinos		NEU	4	asi
7	7	0.023728327825665474	36396	1	0	chinos		NEG	3	gilipollas
8	8	0.023442044854164124	48316	1	0	chinos		NEG	2	idiotas
9	9	0.02308856137096882	1938	1	0	chinos		POS	1	mejores
0	0	0.07019335776567459	32228	2	0	chinos		NEG	10	cerdos
1	1	0.0678710788488388	45220	2	0	chinos		NEG	9	ignorantes
2	2	0.05996551364660263	21405	2	0	chinos		NEG	8	ladrones
3	3	0.04102851822972298	36396	2	0	chinos		NEG	7	gilipollas
4	4	0.036135684698820114	5442	2	0	chinos		POS	6	artistas
5	5	0.03154266998171806	16111	2	0	chinos		NEG	5	santos
6	6	0.026052139699459076	48316	2	0	chinos		NEG	4	idiotas
7	7	0.024833133444190025	48968	2	0	chinos		NEG	3	chorizos
8	8	0.024302726611495018	20782	2	0	chinos		NEG	2	asesinos
9	9	0.018994085490703583	21629	2	0	chinos		NEU	1	listos
0	0	0.03484174236655235	24579	3	0	chinos		NEG	10	tontos
1	1	0.032269734889268875	26014	3	0	chinos		NEG	9	racistas
2	2	0.030696092173457146	40224	3	0	chinos		POS	8	bienvenidos
3	3	0.030569538474082947	5251	3	0	chinos		POS	7	buenos
4	4	0.023544780910015106	10782	3	0	chinos		POS	6	ricos
5	5	0.021492935717105865	7817	3	0	chinos		NEG	5	malos
6	6	0.01969268172979355	7481	3	0	chinos		NEG	4	inmigrantes
7	7	0.016843192279338837	36396	3	0	chinos		NEG	3	gilipollas
8	8	0.015469233505427837	10940	3	0	chinos		NEG	2	iguales
9	9	0.015332457609474659	13012	3	0	chinos		POS	1	felices
0	0	0.04449716955423355	36396	4	0	chinos		NEG	10	gilipollas
1	1	0.04107152298092842	24579	4	0	chinos		NEG	9	tontos
2	2	0.03728684410452843	10940	4	0	chinos		NEG	8	iguales
3	3	0.03664771094918251	13012	4	0	chinos		POS	7	felices
4	4	0.02632531151175499	48316	4	0	chinos		NEG	6	idiotas
5	5	0.02038177289068699	26014	4	0	chinos		NEG	5	racistas
6	6	0.016678372398018837	25396	4	0	chinos		NEG	4	esclavos
7	7	0.01641053892672062	2656	4	0	chinos		NEU	3	españoles
8	8	0.015367064625024796	8349	4	0	chinos		NEU	2	extranjeros
9	9	0.01425138209015131	5251	4	0	chinos		POS	1	buenos
0	0	0.04625957831740379	13012	5	0	chinos		POS	10	felices
1	1	0.025913968682289124	24579	5	0	chinos		NEG	9	tontos
2	2	0.024464290589094162	467	5	0	chinos		NEU	8	más
3	3	0.02422190271317959	40224	5	0	chinos		POS	7	bienvenidos
4	4	0.023101648315787315	5251	5	0	chinos		POS	6	buenos
5	5	0.022369245067238808	36396	5	0	chinos		NEG	5	gilipollas
6	6	0.022269755601882935	16637	5	0	chinos		NEG	4	chinos
7	7	0.021665213629603386	10782	5	0	chinos		POS	3	ricos
8	8	0.018850214779376984	8349	5	0	chinos		NEU	2	extranjeros
9	9	0.015330182388424873	28172	5	0	chinos		POS	1	geniales
0	0	0.41435229778289795	10940	6	0	chinos		NEG	10	iguales
1	1	0.04317336902022362	5251	6	0	chinos		POS	9	buenos
2	2	0.028948375955224037	13012	6	0	chinos		POS	8	felices
3	3	0.02570752054452896	974	6	0	chinos		NEG	7	así
4	4	0.023751070722937584	10782	6	0	chinos		NEU	6	ricos
5	5	0.021277282387018204	5767	6	0	chinos		NEG	5	asi
6	6	0.018540622666478157	16637	6	0	chinos		NEG	4	chinos
7	7	0.014567156322300434	7817	6	0	chinos		NEG	3	malos
8	8	0.012324967421591282	2656	6	0	chinos		NEU	2	españoles
9	9	0.011945989914238453	24579	6	0	chinos		NEG	1	tontos
0	0	0.08695001900196075	13012	7	0	chinos		POS	10	felices
1	1	0.06500831991434097	6500	7	0	chinos		NEG	9	afectados
2	2	0.05370420962572098	10782	7	0	chinos		POS	8	ricos
3	3	0.04922862350940704	21629	7	0	chinos		NEU	7	listos
4	4	0.02994365058839321	8452	7	0	chinos		NEG	6	interesados
5	5	0.021071847528219223	32757	7	0	chinos		NEG	5	perjudicados
6	6	0.020512856543064117	45663	7	0	chinos		POS	4	exitosos
7	7	0.019545134156942368	28932	7	0	chinos		POS	3	solidarios
8	8	0.019218750298023224	12762	7	0	chinos		NEU	2	preparados
9	9	0.016627635806798935	44664	7	0	chinos		POS	1	guapos
0	0	0.21149054169654846	6500	8	0	chinos		NEG	10	afectados
1	1	0.05889414623379707	32757	8	0	chinos		NEG	9	perjudicados
2	2	0.0506981760263443	10782	8	0	chinos		POS	8	ricos
3	3	0.0486757718026638	6642	8	0	chinos		NEU	7	numerosos
4	4	0.027392134070396423	38131	8	0	chinos		NEU	6	beneficiados
5	5	0.02314339019358158	9859	8	0	chinos		NEG	5	pobres
6	6	0.016432875767350197	18293	8	0	chinos		NEG	4	peligrosos
7	7	0.01588692143559456	40360	8	0	chinos		NEU	3	buscados
8	8	0.015875864773988724	8452	8	0	chinos		NEG	2	interesados
9	9	0.014735505916178226	2635	8	0	chinos		POS	1	importantes
0	0	0.15117564797401428	10782	9	0	chinos		POS	10	ricos
1	1	0.061668362468481064	9859	9	0	chinos		NEG	9	pobres
2	2	0.05768343061208725	13012	9	0	chinos		POS	8	felices
3	3	0.047938961535692215	6500	9	0	chinos		NEG	7	afectados
4	4	0.041271183639764786	28932	9	0	chinos		POS	6	solidarios
5	5	0.020260708406567574	14661	9	0	chinos		POS	5	inteligentes
6	6	0.017751310020685196	32757	9	0	chinos		NEG	4	perjudicados
7	7	0.013108345679938793	35425	9	0	chinos		POS	3	afortunados
8	8	0.012649894692003727	7478	9	0	chinos		NEU	2	activos
9	9	0.011490602046251297	7423	9	0	chinos		NEU	1	seguros
0	0	0.06855333596467972	6500	10	0	chinos		NEG	10	afectados
1	1	0.053340330719947815	6642	10	0	chinos		NEU	9	numerosos
2	2	0.03318846970796585	40360	10	0	chinos		NEU	8	buscados
3	3	0.030692385509610176	7478	10	0	chinos		NEU	7	activos
4	4	0.028859732672572136	24627	10	0	chinos		NEU	6	solicitados
5	5	0.02882944606244564	8452	10	0	chinos		NEU	5	interesados
6	6	0.02731967717409134	10782	10	0	chinos		POS	4	ricos
7	7	0.027132056653499603	33928	10	0	chinos		NEG	3	demandados
8	8	0.026361271739006042	9096	10	0	chinos		NEG	2	viajeros
9	9	0.02257968671619892	14364	10	0	chinos		POS	1	fieles
0	0	0.31536880135536194	5251	11	0	chinos		POS	10	buenos
1	1	0.09575335681438446	10782	11	0	chinos		POS	9	ricos
2	2	0.035264112055301666	18206	11	0	chinos		POS	8	bonitos
3	3	0.030811719596385956	21835	11	0	chinos		NEU	7	curiosos
4	4	0.02711775340139866	32359	11	0	chinos		POS	6	monos
5	5	0.024448808282613754	44664	11	0	chinos		POS	5	guapos
6	6	0.019853437319397926	18711	11	0	chinos		NEG	4	caros
7	7	0.01876005530357361	15342	11	0	chinos		NEU	3	modernos
8	8	0.018432695418596268	39679	11	0	chinos		POS	2	amables
9	9	0.01570924185216427	7756	11	0	chinos		NEU	1	originales
0	0	0.06839900463819504	32228	12	0	chinos		NEG	10	cerdos
1	1	0.04490968585014343	21405	12	0	chinos		NEG	9	ladrones
2	2	0.041626665741205215	5442	12	0	chinos		POS	8	artistas
3	3	0.03644931688904762	16111	12	0	chinos		NEG	7	santos
4	4	0.031259577721357346	48968	12	0	chinos		NEG	6	chorizos
5	5	0.027261190116405487	20185	12	0	chinos		NEG	5	nazis
6	6	0.026571616530418396	36396	12	0	chinos		NEG	4	gilipollas
7	7	0.021135501563549042	41403	12	0	chinos		POS	3	genios
8	8	0.019385503605008125	7817	12	0	chinos		NEG	2	malos
9	9	0.018787693232297897	32359	12	0	chinos		NEG	1	monos
0	0	0.08809512108564377	28172	0	0	japoneses		POS	10	geniales
1	1	0.046599313616752625	1938	0	0	japoneses		POS	9	mejores
2	2	0.044727448374032974	5251	0	0	japoneses		POS	8	buenos
3	3	0.028950348496437073	7817	0	0	japoneses		NEG	7	malos
4	4	0.020476868376135826	28061	0	0	japoneses		POS	6	maravillosos
5	5	0.01948784850537777	5767	0	0	japoneses		NEG	5	asi
6	6	0.01861383579671383	11864	0	0	japoneses		NEG	4	peores
7	7	0.014585128985345364	36396	0	0	japoneses		NEG	3	gilipollas
8	8	0.014275888912379742	24579	0	0	japoneses		NEG	2	tontos
9	9	0.013339003548026085	974	0	0	japoneses		NEG	1	así
0	0	0.05633322149515152	13012	1	0	japoneses		POS	10	felices
1	1	0.04342791810631752	5767	1	0	japoneses		NEU	9	asi
2	2	0.03497810661792755	5251	1	0	japoneses		POS	8	buenos
3	3	0.03385235369205475	28172	1	0	japoneses		POS	7	geniales
4	4	0.025687113404273987	1938	1	0	japoneses		POS	6	mejores
5	5	0.02522701397538185	7817	1	0	japoneses		NEG	5	malos
6	6	0.022321118041872978	24579	1	0	japoneses		NEG	4	tontos
7	7	0.018958617001771927	36396	1	0	japoneses		NEG	3	gilipollas
8	8	0.018294963985681534	10782	1	0	japoneses		POS	2	ricos
9	9	0.014107521623373032	10940	1	0	japoneses		NEG	1	iguales
0	0	0.06980230659246445	32228	2	0	japoneses		NEG	10	cerdos
1	1	0.050101056694984436	5442	2	0	japoneses		POS	9	artistas
2	2	0.0404374822974205	45220	2	0	japoneses		NEG	8	ignorantes
3	3	0.039990317076444626	16111	2	0	japoneses		NEG	7	santos
4	4	0.03717687726020813	36396	2	0	japoneses		NEG	6	gilipollas
5	5	0.03337933495640755	21405	2	0	japoneses		NEG	5	ladrones
6	6	0.023458972573280334	47442	2	0	japoneses		NEG	4	bestias
7	7	0.023409893736243248	41403	2	0	japoneses		POS	3	genios
8	8	0.02047927863895893	48316	2	0	japoneses		NEG	2	idiotas
9	9	0.02046816796064377	20782	2	0	japoneses		NEG	1	asesinos
0	0	0.04034285992383957	40224	3	0	japoneses		POS	10	bienvenidos
1	1	0.02936195209622383	7481	3	0	japoneses		NEG	9	inmigrantes
2	2	0.024405861273407936	26014	3	0	japoneses		NEG	8	racistas
3	3	0.02435438334941864	10782	3	0	japoneses		POS	7	ricos
4	4	0.02227207086980343	5251	3	0	japoneses		POS	6	buenos
5	5	0.019856315106153488	13012	3	0	japoneses		POS	5	felices
6	6	0.019605770707130432	8349	3	0	japoneses		NEU	4	extranjeros
7	7	0.01531707402318716	9859	3	0	japoneses		NEG	3	pobres
8	8	0.014867963269352913	24579	3	0	japoneses		NEG	2	tontos
9	9	0.014517911709845066	2656	3	0	japoneses		NEU	1	españoles
0	0	0.039606720209121704	974	4	0	japoneses		NEU	10	así
1	1	0.03790167346596718	13012	4	0	japoneses		POS	9	felices
2	2	0.030140947550535202	36396	4	0	japoneses		NEG	8	gilipollas
3	3	0.02528308890759945	10940	4	0	japoneses		NEG	7	iguales
4	4	0.02279362455010414	24579	4	0	japoneses		NEG	6	tontos
5	5	0.015475582331418991	48316	4	0	japoneses		NEG	5	idiotas
6	6	0.01212991215288639	8349	4	0	japoneses		NEU	4	extranjeros
7	7	0.011541050858795643	466	4	0	japoneses		NEU	3	como
8	8	0.011098305694758892	23855	4	0	japoneses		NEU	2	japoneses
9	9	0.011071913875639439	364	4	0	japoneses		NEU	1	los
0	0	0.042493678629398346	13012	5	0	japoneses		POS	10	felices
1	1	0.02948058396577835	467	5	0	japoneses		NEU	9	más
2	2	0.018682576715946198	10782	5	0	japoneses		POS	8	ricos
3	3	0.01849881187081337	8349	5	0	japoneses		NEU	7	extranjeros
4	4	0.018313657492399216	5251	5	0	japoneses		POS	6	buenos
5	5	0.01830267533659935	974	5	0	japoneses		NEU	5	así
6	6	0.01828770525753498	364	5	0	japoneses		NEU	4	los
7	7	0.01733032800257206	40224	5	0	japoneses		POS	3	bienvenidos
8	8	0.013833567500114441	23855	5	0	japoneses		NEU	2	japoneses
9	9	0.013753817416727543	28172	5	0	japoneses		POS	1	geniales
0	0	0.24741609394550323	10940	6	0	japoneses		NEG	10	iguales
1	1	0.038903508335351944	5767	6	0	japoneses		NEU	9	asi
2	2	0.03815241530537605	5251	6	0	japoneses		POS	8	buenos
3	3	0.036247674375772476	23855	6	0	japoneses		NEU	7	japoneses
4	4	0.035980548709630966	974	6	0	japoneses		NEU	6	así
5	5	0.030416246503591537	13012	6	0	japoneses		POS	5	felices
6	6	0.021302713081240654	7817	6	0	japoneses		NEG	4	malos
7	7	0.01518563088029623	28172	6	0	japoneses		POS	3	geniales
8	8	0.01359163410961628	10782	6	0	japoneses		POS	2	ricos
9	9	0.011271820403635502	34754	6	0	japoneses		NEG	1	raros
0	0	0.08217828720808029	6500	7	0	japoneses		NEG	10	afectados
1	1	0.05583778768777847	13012	7	0	japoneses		POS	9	felices
2	2	0.031452640891075134	8452	7	0	japoneses		NEU	8	interesados
3	3	0.027277734130620956	10782	7	0	japoneses		POS	7	ricos
4	4	0.025865081697702408	21629	7	0	japoneses		NEU	6	listos
5	5	0.023057375103235245	45663	7	0	japoneses		POS	5	exitosos
6	6	0.022449631243944168	7478	7	0	japoneses		NEU	4	activos
7	7	0.019411617890000343	32757	7	0	japoneses		NEG	3	perjudicados
8	8	0.01821141317486763	19208	7	0	japoneses		NEU	2	rápidos
9	9	0.017895299941301346	12762	7	0	japoneses		NEU	1	preparados
0	0	0.2295989990234375	6500	8	0	japoneses		NEG	10	afectados
1	1	0.07852150499820709	6642	8	0	japoneses		NEU	9	numerosos
2	2	0.04978646710515022	32757	8	0	japoneses		NEG	8	perjudicados
3	3	0.026321910321712494	10782	8	0	japoneses		POS	7	ricos
4	4	0.024591758847236633	38131	8	0	japoneses		NEU	6	beneficiados
5	5	0.019670667126774788	9859	8	0	japoneses		NEG	5	pobres
6	6	0.01927345059812069	40360	8	0	japoneses		NEU	4	buscados
7	7	0.016510896384716034	7478	8	0	japoneses		NEU	3	activos
8	8	0.015560110099613667	8452	8	0	japoneses		NEU	2	interesados
9	9	0.012337595224380493	45663	8	0	japoneses		POS	1	exitosos
0	0	0.09660158306360245	10782	9	0	japoneses		POS	10	ricos
1	1	0.06345299631357193	13012	9	0	japoneses		POS	9	felices
2	2	0.03949004411697388	6500	9	0	japoneses		NEG	8	afectados
3	3	0.03639867156744003	9859	9	0	japoneses		NEG	7	pobres
4	4	0.026375724002718925	28932	9	0	japoneses		POS	6	solidarios
5	5	0.020414378494024277	14661	9	0	japoneses		POS	5	inteligentes
6	6	0.01991286128759384	7478	9	0	japoneses		NEU	4	activos
7	7	0.01374825555831194	35425	9	0	japoneses		POS	3	afortunados
8	8	0.012594602070748806	7423	9	0	japoneses		NEU	2	seguros
9	9	0.012404958717525005	19208	9	0	japoneses		NEU	1	rápidos
0	0	0.07870938628911972	6642	10	0	japoneses		NEU	10	numerosos
1	1	0.05340497940778732	6500	10	0	japoneses		NEG	9	afectados
2	2	0.04463144764304161	24627	10	0	japoneses		NEU	8	solicitados
3	3	0.041200846433639526	14364	10	0	japoneses		POS	7	fieles
4	4	0.03178724646568298	40360	10	0	japoneses		NEU	6	buscados
5	5	0.03108004853129387	33928	10	0	japoneses		NEU	5	demandados
6	6	0.029090192168951035	7478	10	0	japoneses		NEU	4	activos
7	7	0.024901008233428	9096	10	0	japoneses		NEU	3	viajeros
8	8	0.023575935512781143	8452	10	0	japoneses		NEU	2	interesados
9	9	0.02288883551955223	9131	10	0	japoneses		NEU	1	habituales
0	0	0.30223479866981506	5251	11	0	japoneses		POS	10	buenos
1	1	0.037899427115917206	10782	11	0	japoneses		POS	9	ricos
2	2	0.03449607267975807	32359	11	0	japoneses		POS	8	monos
3	3	0.030964074656367302	21629	11	0	japoneses		NEU	7	listos
4	4	0.030866926535964012	21835	11	0	japoneses		NEU	6	curiosos
5	5	0.02493884228169918	44664	11	0	japoneses		POS	5	guapos
6	6	0.02414625883102417	7817	11	0	japoneses		NEG	4	malos
7	7	0.01983305811882019	14661	11	0	japoneses		POS	3	inteligentes
8	8	0.019152645021677017	23137	11	0	japoneses		POS	2	divertidos
9	9	0.017020458355545998	18206	11	0	japoneses		POS	1	bonitos
0	0	0.06563498824834824	32228	12	0	japoneses		NEG	10	cerdos
1	1	0.043269816786050797	5442	12	0	japoneses		POS	9	artistas
2	2	0.03698364272713661	16111	12	0	japoneses		NEG	8	santos
3	3	0.029870111495256424	41403	12	0	japoneses		POS	7	genios
4	4	0.024729162454605103	47442	12	0	japoneses		NEG	6	bestias
5	5	0.024081969633698463	32359	12	0	japoneses		NEG	5	monos
6	6	0.022871915251016617	36396	12	0	japoneses		NEG	4	gilipollas
7	7	0.018628139048814774	20588	12	0	japoneses		NEG	3	locos
8	8	0.018153900280594826	26166	12	0	japoneses		NEG	2	monstruos
9	9	0.017402829602360725	21405	12	0	japoneses		NEG	1	ladrones
0	0	0.0808480903506279	1938	0	0	coreanos		POS	10	mejores
1	1	0.05988970398902893	28172	0	0	coreanos		POS	9	geniales
2	2	0.04923205450177193	5251	0	0	coreanos		POS	8	buenos
3	3	0.018318716436624527	1733	0	0	coreanos		POS	7	grandes
4	4	0.01755775511264801	7817	0	0	coreanos		NEG	6	malos
5	5	0.016454219818115234	13966	0	0	coreanos		POS	5	espectaculares
6	6	0.015403076075017452	17634	0	0	coreanos		POS	4	campeones
7	7	0.014919714070856571	28061	0	0	coreanos		POS	3	maravillosos
8	8	0.014524468220770359	24601	0	0	coreanos		POS	2	perfectos
9	9	0.013507142663002014	9221	0	0	coreanos		POS	1	favoritos
0	0	0.04500306397676468	28172	1	0	coreanos		POS	10	geniales
1	1	0.04223580285906792	5251	1	0	coreanos		POS	9	buenos
2	2	0.03310826048254967	13012	1	0	coreanos		POS	8	felices
3	3	0.027447175234556198	1938	1	0	coreanos		POS	7	mejores
4	4	0.019064202904701233	364	1	0	coreanos		NEU	6	los
5	5	0.017386360093951225	5767	1	0	coreanos		NEU	5	asi
6	6	0.01678965613245964	10782	1	0	coreanos		POS	4	ricos
7	7	0.015048850327730179	7817	1	0	coreanos		NEG	3	malos
8	8	0.014064845629036427	28061	1	0	coreanos		POS	2	maravillosos
9	9	0.013970047235488892	14080	1	0	coreanos		POS	1	excelentes
0	0	0.09613656997680664	5442	2	0	coreanos		NEU	10	artistas
1	1	0.05331765115261078	32228	2	0	coreanos		NEG	9	cerdos
2	2	0.03859436884522438	16111	2	0	coreanos		NEG	8	santos
3	3	0.03064991720020771	41403	2	0	coreanos		POS	7	genios
4	4	0.03008938767015934	45220	2	0	coreanos		NEG	6	ignorantes
5	5	0.024802319705486298	36396	2	0	coreanos		NEG	5	gilipollas
6	6	0.021764805540442467	21405	2	0	coreanos		NEG	4	ladrones
7	7	0.02116047590970993	44812	2	0	coreanos		NEG	3	payasos
8	8	0.01758880354464054	24384	2	0	coreanos		NEG	2	salvajes
9	9	0.01742752641439438	21629	2	0	coreanos		NEU	1	listos
0	0	0.03968700021505356	12750	3	0	coreanos		NEG	10	ilegales
1	1	0.03251727670431137	40224	3	0	coreanos		POS	9	bienvenidos
2	2	0.025111425668001175	26014	3	0	coreanos		NEG	8	racistas
3	3	0.024338362738490105	7481	3	0	coreanos		NEG	7	inmigrantes
4	4	0.023240024223923683	10782	3	0	coreanos		NEU	6	ricos
5	5	0.022551044821739197	15615	3	0	coreanos		NEU	5	musulmanes
6	6	0.020657021552324295	25396	3	0	coreanos		NEG	4	esclavos
7	7	0.01853633113205433	364	3	0	coreanos		NEG	3	los
8	8	0.01612316071987152	9859	3	0	coreanos		NEG	2	pobres
9	9	0.014867063611745834	24579	3	0	coreanos		NEG	1	tontos
0	0	0.038402918726205826	13012	4	0	coreanos		POS	10	felices
1	1	0.03628561273217201	10940	4	0	coreanos		NEG	9	iguales
2	2	0.034894201904535294	36396	4	0	coreanos		NEG	8	gilipollas
3	3	0.02583448216319084	24579	4	0	coreanos		NEG	7	tontos
4	4	0.021042410284280777	48316	4	0	coreanos		NEG	6	idiotas
5	5	0.017448797821998596	25396	4	0	coreanos		NEG	5	esclavos
6	6	0.017287537455558777	974	4	0	coreanos		NEU	4	así
7	7	0.017277853563427925	26014	4	0	coreanos		NEG	3	racistas
8	8	0.015625420957803726	364	4	0	coreanos		NEU	2	los
9	9	0.013160170055925846	2656	4	0	coreanos		NEU	1	españoles
0	0	0.03525068238377571	13012	5	0	coreanos		POS	10	felices
1	1	0.025911835953593254	10782	5	0	coreanos		POS	9	ricos
2	2	0.022022098302841187	364	5	0	coreanos		NEU	8	los
3	3	0.020145872607827187	467	5	0	coreanos		NEU	7	más
4	4	0.01895972713828087	8349	5	0	coreanos		NEU	6	extranjeros
5	5	0.01867092028260231	24579	5	0	coreanos		NEG	5	tontos
6	6	0.016611939296126366	36396	5	0	coreanos		NEG	4	gilipollas
7	7	0.01600896194577217	1361	5	0	coreanos		NEU	3	mas
8	8	0.01568896323442459	40224	5	0	coreanos		POS	2	bienvenidos
9	9	0.013222876936197281	16637	5	0	coreanos		NEU	1	chinos
0	0	0.06380245834589005	10940	6	0	coreanos		NEG	10	iguales
1	1	0.042308010160923004	2656	6	0	coreanos		NEU	9	españoles
2	2	0.031072691082954407	40224	6	0	coreanos		POS	8	bienvenidos
3	3	0.028502415865659714	5251	6	0	coreanos		POS	7	buenos
4	4	0.02047969587147236	13012	6	0	coreanos		POS	6	felices
5	5	0.01656164973974228	10782	6	0	coreanos		NEU	5	ricos
6	6	0.016292039304971695	11941	6	0	coreanos		NEU	4	blancos
7	7	0.014782283455133438	13228	6	0	coreanos		NEG	3	negros
8	8	0.011544354259967804	17634	6	0	coreanos		POS	2	campeones
9	9	0.011078394949436188	5767	6	0	coreanos		NEU	1	asi
0	0	0.06224866211414337	6500	7	0	coreanos		NEG	10	afectados
1	1	0.042176589369773865	8452	7	0	coreanos		NEU	9	interesados
2	2	0.03951629251241684	21629	7	0	coreanos		NEU	8	listos
3	3	0.03666948899626732	13012	7	0	coreanos		POS	7	felices
4	4	0.02921782247722149	32757	7	0	coreanos		NEG	6	perjudicados
5	5	0.026800047606229782	10782	7	0	coreanos		POS	5	ricos
6	6	0.025937872007489204	45663	7	0	coreanos		POS	4	exitosos
7	7	0.023743391036987305	44664	7	0	coreanos		POS	3	guapos
8	8	0.022532589733600616	38131	7	0	coreanos		NEU	2	beneficiados
9	9	0.01949973776936531	12762	7	0	coreanos		NEU	1	preparados
0	0	0.30448752641677856	6500	8	0	coreanos		NEU	10	afectados
1	1	0.08374972641468048	32757	8	0	coreanos		NEG	9	perjudicados
2	2	0.05602644756436348	6642	8	0	coreanos		NEU	8	numerosos
3	3	0.02845671772956848	38131	8	0	coreanos		NEU	7	beneficiados
4	4	0.02179441787302494	16344	8	0	coreanos		NEU	6	vulnerables
5	5	0.021304337307810783	10782	8	0	coreanos		NEU	5	ricos
6	6	0.020483236759901047	9859	8	0	coreanos		NEG	4	pobres
7	7	0.01510255690664053	40360	8	0	coreanos		NEU	3	buscados
8	8	0.013842321000993252	38520	8	0	coreanos		NEG	2	perseguidos
9	9	0.013286891393363476	7478	8	0	coreanos		NEU	1	activos
0	0	0.08164769411087036	10782	9	0	coreanos		POS	10	ricos
1	1	0.06620057672262192	6500	9	0	coreanos		NEG	9	afectados
2	2	0.05749916657805443	13012	9	0	coreanos		POS	8	felices
3	3	0.0426773764193058	28932	9	0	coreanos		POS	7	solidarios
4	4	0.03801129758358002	9859	9	0	coreanos		NEG	6	pobres
5	5	0.024007469415664673	32757	9	0	coreanos		NEG	5	perjudicados
6	6	0.022047579288482666	7478	9	0	coreanos		NEU	4	activos
7	7	0.016620466485619545	35425	9	0	coreanos		POS	3	afortunados
8	8	0.01614765264093876	16344	9	0	coreanos		NEU	2	vulnerables
9	9	0.015901241451501846	14661	9	0	coreanos		POS	1	inteligentes
0	0	0.07305855304002762	6500	10	0	coreanos		NEU	10	afectados
1	1	0.06413787603378296	6642	10	0	coreanos		NEU	9	numerosos
2	2	0.031155629083514214	40360	10	0	coreanos		NEU	8	buscados
3	3	0.030867746099829674	24627	10	0	coreanos		NEU	7	solicitados
4	4	0.02968958206474781	7478	10	0	coreanos		NEU	6	activos
5	5	0.029644286260008812	8452	10	0	coreanos		NEU	5	interesados
6	6	0.02890697307884693	14364	10	0	coreanos		POS	4	fieles
7	7	0.028687680140137672	33928	10	0	coreanos		NEU	3	demandados
8	8	0.02605646289885044	10782	10	0	coreanos		POS	2	ricos
9	9	0.01922677271068096	38131	10	0	coreanos		NEU	1	beneficiados
0	0	0.5787011384963989	5251	11	0	coreanos		POS	10	buenos
1	1	0.03876246139407158	1733	11	0	coreanos		POS	9	grandes
2	2	0.03396819904446602	6959	11	0	coreanos		NEU	8	fuertes
3	3	0.02548678033053875	7817	11	0	coreanos		NEG	7	malos
4	4	0.015006671659648418	21629	11	0	coreanos		NEU	6	listos
5	5	0.013482576236128807	44664	11	0	coreanos		POS	5	guapos
6	6	0.009747982025146484	8444	11	0	coreanos		POS	4	superiores
7	7	0.00927251297980547	10782	11	0	coreanos		POS	3	ricos
8	8	0.009220476262271404	18206	11	0	coreanos		POS	2	bonitos
9	9	0.009035895578563213	27290	11	0	coreanos		NEU	1	parecidos
0	0	0.0780097022652626	5442	12	0	coreanos		POS	10	artistas
1	1	0.04642375558614731	32228	12	0	coreanos		NEG	9	cerdos
2	2	0.0433330200612545	41403	12	0	coreanos		POS	8	genios
3	3	0.04127187281847	17634	12	0	coreanos		POS	7	campeones
4	4	0.04123248904943466	16111	12	0	coreanos		NEG	6	santos
5	5	0.026925308629870415	1733	12	0	coreanos		POS	5	grandes
6	6	0.019679317250847816	20588	12	0	coreanos		NEG	4	locos
7	7	0.017024340108036995	47442	12	0	coreanos		NEG	3	bestias
8	8	0.01670859009027481	5251	12	0	coreanos		POS	2	buenos
9	9	0.016439542174339294	28117	12	0	coreanos		NEG	1	lobos
