	index	score	token	sentence	model	dimension	pos_tag	rsv	word
0	0	0.013752256520092487	679	0	8	negros	NC	10	años
1	1	0.0104265958070755	1605	0	8	negros	AQ	9	grandes
2	2	0.007116785738617182	726	0	8	negros	PI	8	todos
3	3	0.00552985817193985	404	0	8	negros	Z	7	1
4	4	0.005137069150805473	316	0	8	negros	DA	6	los
5	5	0.004081926308572292	359	0	8	negros	RN	5	no
6	6	0.0038738285657018423	997	0	8	negros	RG	4	siempre
7	7	0.003621387295424938	413	0	8	negros	Z	3	2
8	8	0.0035186356399208307	6699	0	8	negros	NC	2	zapatos
9	9	0.0034331444185227156	3064	0	8	negros	NC	1	padres
0	0	0.024664176627993584	3064	1	8	negros	NC	10	padres
1	1	0.019187571480870247	1662	1	8	negros	NC	9	niños
2	2	0.00921472068876028	2342	1	8	negros	NC	8	amigos
3	3	0.008854581043124199	404	1	8	negros	Z	7	1
4	4	0.008765939623117447	10171	1	8	negros	AQ	6	felices
5	5	0.007278552278876305	7206	1	8	negros	AQ	5	libres
6	6	0.006749405525624752	726	1	8	negros	PI	4	todos
7	7	0.006525310687720776	1130	1	8	negros	PP	3	yo
8	8	0.006131195928901434	679	1	8	negros	NC	2	años
9	9	0.005040424410253763	32820	1	8	negros	AQ	1	bienvenidos
0	0	0.057555750012397766	2342	2	8	negros	NC	10	amigos
1	1	0.033209655433893204	1605	2	8	negros	AQ	9	grandes
2	2	0.027689944952726364	5839	2	8	negros	NC	8	chicos
3	3	0.02217034250497818	679	2	8	negros	NC	7	años
4	4	0.019820597022771835	3064	2	8	negros	NC	6	padres
5	5	0.019441792741417885	1662	2	8	negros	NC	5	niños
6	6	0.018867438659071922	9275	2	8	negros	NC	4	regalos
7	7	0.018067488446831703	47216	2	8	negros	NC	3	idiotas
8	8	0.0170728862285614	40351	2	8	negros	NC	2	genios
9	9	0.01486552506685257	12282	2	8	negros	NC	1	ganadores
0	0	0.0069775450974702835	32820	3	8	negros	AQ	10	bienvenidos
1	1	0.005784251727163792	293	3	8	negros	CS	9	que
2	2	0.005700938403606415	17050	3	8	negros	AQ	8	peligrosos
3	3	0.004821457900106907	404	3	8	negros	Z	7	1
4	4	0.004521140828728676	1667	3	8	negros	PP	6	nosotros
5	5	0.0042504845187067986	4080	3	8	negros	NC	5	políticos
6	6	0.0037090962287038565	1181	3	8	negros	RG	4	ahora
7	7	0.0035615439992398024	1605	3	8	negros	AQ	3	grandes
8	8	0.0035534165799617767	3064	3	8	negros	NC	2	padres
9	9	0.00354823749512434	679	3	8	negros	NC	1	años
0	0	0.013834843412041664	404	4	8	negros	Z	10	1
1	1	0.01091487891972065	726	4	8	negros	PI	9	todos
2	2	0.006040224339812994	293	4	8	negros	CS	8	que
3	3	0.005177965387701988	413	4	8	negros	Z	7	2
4	4	0.004327402450144291	679	4	8	negros	NC	6	años
5	5	0.0041772848926484585	1197	4	8	negros	PD	5	esto
6	6	0.0038991086184978485	1605	4	8	negros	AQ	4	grandes
7	7	0.0038029097486287355	625	4	8	negros	Z	3	3
8	8	0.0035963342525064945	1662	4	8	negros	NC	2	niños
9	9	0.0032962956465780735	1236	4	8	negros	PP	1	ellos
0	0	0.010418818332254887	293	5	8	negros	CS	10	que
1	1	0.008602225221693516	404	5	8	negros	Z	9	1
2	2	0.006128137931227684	5416	5	8	negros	AQ	8	alemania
3	3	0.0056092459708452225	4600	5	8	negros	AQ	7	familiares
4	4	0.005450965370982885	2578	5	8	negros	AQ	6	profesionales
5	5	0.005042996723204851	1605	5	8	negros	AQ	5	grandes
6	6	0.004349808674305677	1667	5	8	negros	PP	4	nosotros
7	7	0.004301367327570915	4080	5	8	negros	NC	3	políticos
8	8	0.00428101746365428	14417	5	8	negros	AQ	2	alemanes
9	9	0.004253564402461052	1392	5	8	negros	AQ	1	españa
0	0	0.027958665043115616	3034	6	8	negros	NC	10	libros
1	1	0.01905668154358864	5296	6	8	negros	NC	9	canciones
2	2	0.00836761761456728	13080	6	8	negros	NC	8	poemas
3	3	0.007630247622728348	7305	6	8	negros	AQ	7	originales
4	4	0.0074852523393929005	21125	6	8	negros	AQ	6	asesinos
5	5	0.007029782980680466	9961	6	8	negros	NC	5	cuentos
6	6	0.006334336008876562	7215	6	8	negros	NC	4	letras
7	7	0.006320559419691563	36303	6	8	negros	AQ	3	comics
8	8	0.0061490824446082115	3979	6	8	negros	NC	2	comentarios
9	9	0.00545473350211978	5696	6	8	negros	NC	1	nombres
0	0	0.22200781106948853	1605	7	8	negros	AQ	10	grandes
1	1	0.15776166319847107	2792	7	8	negros	AQ	9	jóvenes
2	2	0.11676830798387527	3452	7	8	negros	AQ	8	pequeños
3	3	0.08341481536626816	43238	7	8	negros	AQ	7	guapos
4	4	0.022336473688483238	6001	7	8	negros	AQ	6	fuertes
5	5	0.021283714100718498	11461	7	8	negros	AQ	5	viejos
6	6	0.014826958999037743	6571	7	8	negros	AQ	4	populares
7	7	0.01304925512522459	12282	7	8	negros	AQ	3	ganadores
8	8	0.01109240110963583	21996	7	8	negros	NC	2	jovenes
9	9	0.00942772626876831	9931	7	8	negros	AQ	1	ricos
0	0	0.18430666625499725	1605	8	8	negros	AQ	10	grandes
1	1	0.15557698905467987	43238	8	8	negros	AQ	9	guapos
2	2	0.04749692603945732	3452	8	8	negros	AQ	8	pequeños
3	3	0.04524233564734459	6001	8	8	negros	AQ	7	fuertes
4	4	0.03444042056798935	2792	8	8	negros	AQ	6	jóvenes
5	5	0.029820600524544716	43564	8	8	negros	AQ	5	buscados
6	6	0.025062179192900658	19112	8	8	negros	AQ	4	vendidos
7	7	0.013221180066466331	6571	8	8	negros	AQ	3	populares
8	8	0.013172788545489311	29394	8	8	negros	AQ	2	premiados
9	9	0.012629136443138123	8410	8	8	negros	AQ	1	antiguos
0	0	0.12798342108726501	19112	9	8	negros	AQ	10	vendidos
1	1	0.10465165972709656	1605	9	8	negros	AQ	9	grandes
2	2	0.059616491198539734	29394	9	8	negros	AQ	8	premiados
3	3	0.059373028576374054	43238	9	8	negros	AQ	7	guapos
4	4	0.0525621734559536	3452	9	8	negros	AQ	6	pequeños
5	5	0.03309457004070282	43564	9	8	negros	AQ	5	buscados
6	6	0.028315333649516106	6571	9	8	negros	AQ	4	populares
7	7	0.025018835440278053	8410	9	8	negros	AQ	3	antiguos
8	8	0.022492216899991035	8401	9	8	negros	AQ	2	afectados
9	9	0.020178744569420815	9931	9	8	negros	AQ	1	ricos
0	0	0.1716691553592682	1605	10	8	negros	AQ	10	grandes
1	1	0.06967365741729736	3452	10	8	negros	AQ	9	pequeños
2	2	0.06620417535305023	43238	10	8	negros	AQ	8	guapos
3	3	0.05651537701487541	43564	10	8	negros	AQ	7	buscados
4	4	0.04218785837292671	19112	10	8	negros	AQ	6	vendidos
5	5	0.026720859110355377	10578	10	8	negros	AQ	5	baratos
6	6	0.02377024106681347	8401	10	8	negros	AQ	4	afectados
7	7	0.02244117297232151	6571	10	8	negros	AQ	3	populares
8	8	0.020753663033246994	9000	10	8	negros	AQ	2	recientes
9	9	0.019197698682546616	14208	10	8	negros	AQ	1	calientes
0	0	0.06313209235668182	4174	11	8	negros	AQ	10	buenos
1	1	0.0605747364461422	1605	11	8	negros	AQ	9	grandes
2	2	0.039518848061561584	2804	11	8	negros	AQ	8	importantes
3	3	0.03638109937310219	6001	11	8	negros	AQ	7	fuertes
4	4	0.030365847051143646	9564	11	8	negros	AQ	6	útiles
5	5	0.021185074001550674	6841	11	8	negros	AQ	5	interesantes
6	6	0.014821137301623821	17050	11	8	negros	AQ	4	peligrosos
7	7	0.013989212922751904	11755	11	8	negros	AQ	3	cortos
8	8	0.013818798586726189	26691	11	8	negros	AQ	2	raros
9	9	0.012061122804880142	43238	11	8	negros	AQ	1	guapos
0	0	0.019428377971053123	1605	12	8	negros	AQ	10	grandes
1	1	0.013426236808300018	3657	12	8	negros	PI	9	pocos
2	2	0.013303673826158047	1167	12	8	negros	Z	8	10
3	3	0.0107946852222085	625	12	8	negros	Z	7	3
4	4	0.009908046573400497	791	12	8	negros	Z	6	5
5	5	0.008446786552667618	413	12	8	negros	Z	5	2
6	6	0.00770321162417531	753	12	8	negros	Z	4	4
7	7	0.007679050788283348	1233	12	8	negros	DI	3	unos
8	8	0.007607833947986364	11755	12	8	negros	AQ	2	cortos
9	9	0.007496052421629429	1118	12	8	negros	Z	1	8
0	0	0.009841268882155418	1605	0	8	blancos	AQ	10	grandes
1	1	0.00916298571974039	679	0	8	blancos	NC	9	años
2	2	0.006392791401594877	3064	0	8	blancos	NC	8	padres
3	3	0.005755968391895294	404	0	8	blancos	Z	7	1
4	4	0.0048796068876981735	359	0	8	blancos	RN	6	no
5	5	0.004720996133983135	10625	0	8	blancos	NC	5	blogs
6	6	0.004351799376308918	3638	0	8	blancos	NC	4	tiempos
7	7	0.004286770708858967	726	0	8	blancos	PI	3	todos
8	8	0.004192850552499294	4971	0	8	blancos	AQ	2	videos
9	9	0.00396023178473115	413	0	8	blancos	Z	1	2
0	0	0.012401706539094448	726	1	8	blancos	PI	10	todos
1	1	0.011012274771928787	1605	1	8	blancos	AQ	9	grandes
2	2	0.009486191906034946	3064	1	8	blancos	NC	8	padres
3	3	0.008622708730399609	2342	1	8	blancos	NC	7	amigos
4	4	0.008136291056871414	404	1	8	blancos	Z	6	1
5	5	0.006957649253308773	10171	1	8	blancos	AQ	5	felices
6	6	0.006206769961863756	29394	1	8	blancos	AQ	4	premiados
7	7	0.006052288226783276	316	1	8	blancos	DA	3	los
8	8	0.006050121504813433	7206	1	8	blancos	AQ	2	libres
9	9	0.006014565471559763	1662	1	8	blancos	AQ	1	niños
0	0	0.043245717883110046	679	2	8	blancos	NC	10	años
1	1	0.04180899262428284	2342	2	8	blancos	NC	9	amigos
2	2	0.030296718701720238	5839	2	8	blancos	NC	8	chicos
3	3	0.01915084570646286	1605	2	8	blancos	AQ	7	grandes
4	4	0.018155569210648537	47216	2	8	blancos	NC	6	idiotas
5	5	0.016831334680318832	12282	2	8	blancos	NC	5	ganadores
6	6	0.01675802655518055	2323	2	8	blancos	NC	4	hombres
7	7	0.01476019062101841	3064	2	8	blancos	NC	3	padres
8	8	0.014014733023941517	9275	2	8	blancos	NC	2	regalos
9	9	0.013839281164109707	40351	2	8	blancos	NC	1	genios
0	0	0.011071993969380856	32820	3	8	blancos	AQ	10	bienvenidos
1	1	0.010098244994878769	293	3	8	blancos	CS	9	que
2	2	0.008725961670279503	404	3	8	blancos	Z	8	1
3	3	0.006715075112879276	17050	3	8	blancos	AQ	7	peligrosos
4	4	0.005414262879639864	679	3	8	blancos	NC	6	años
5	5	0.004727157764136791	726	3	8	blancos	PI	5	todos
6	6	0.004604634363204241	1605	3	8	blancos	AQ	4	grandes
7	7	0.003872594330459833	1197	3	8	blancos	PD	3	esto
8	8	0.003494852688163519	3674	3	8	blancos	NC	2	familias
9	9	0.0034912414848804474	4600	3	8	blancos	AQ	1	familiares
0	0	0.01415551919490099	404	4	8	blancos	Z	10	1
1	1	0.011207595467567444	726	4	8	blancos	PI	9	todos
2	2	0.005971336271613836	413	4	8	blancos	Z	8	2
3	3	0.004512013401836157	3674	4	8	blancos	NC	7	familias
4	4	0.0043265558779239655	893	4	8	blancos	NC	6	personas
5	5	0.0038397382013499737	625	4	8	blancos	Z	5	3
6	6	0.003644256852567196	679	4	8	blancos	NC	4	años
7	7	0.0033809118904173374	1197	4	8	blancos	PD	3	esto
8	8	0.0032619647681713104	1605	4	8	blancos	AQ	2	grandes
9	9	0.0032382486388087273	293	4	8	blancos	CS	1	que
0	0	0.009834742173552513	404	5	8	blancos	Z	10	1
1	1	0.009040690958499908	293	5	8	blancos	CS	9	que
2	2	0.005823122803121805	2578	5	8	blancos	AQ	8	profesionales
3	3	0.005629651248455048	1687	5	8	blancos	NC	7	empresas
4	4	0.005421616602689028	316	5	8	blancos	DA	6	los
5	5	0.00498224887996912	1605	5	8	blancos	AQ	5	grandes
6	6	0.004950777627527714	2342	5	8	blancos	AQ	4	amigos
7	7	0.004627928603440523	5416	5	8	blancos	AQ	3	alemania
8	8	0.0042473203502595425	3064	5	8	blancos	NC	2	padres
9	9	0.004096929915249348	413	5	8	blancos	Z	1	2
0	0	0.03441762179136276	3034	6	8	blancos	NC	10	libros
1	1	0.016116559505462646	5296	6	8	blancos	NC	9	canciones
2	2	0.00952762458473444	13080	6	8	blancos	NC	8	poemas
3	3	0.008662368170917034	9961	6	8	blancos	NC	7	cuentos
4	4	0.008373354561626911	6758	6	8	blancos	NC	6	frases
5	5	0.007978169247508049	7215	6	8	blancos	NC	5	letras
6	6	0.007415038999170065	3979	6	8	blancos	NC	4	comentarios
7	7	0.006790325976908207	9275	6	8	blancos	NC	3	regalos
8	8	0.006515896879136562	2473	6	8	blancos	NC	2	palabras
9	9	0.006201251409947872	7305	6	8	blancos	AQ	1	originales
0	0	0.2086075097322464	1605	7	8	blancos	AQ	10	grandes
1	1	0.14170876145362854	3452	7	8	blancos	AQ	9	pequeños
2	2	0.10268760472536087	43238	7	8	blancos	AQ	8	guapos
3	3	0.07663724571466446	2792	7	8	blancos	AQ	7	jóvenes
4	4	0.030222218483686447	12282	7	8	blancos	AQ	6	ganadores
5	5	0.017045894637703896	29394	7	8	blancos	AQ	5	premiados
6	6	0.014774066396057606	11461	7	8	blancos	AQ	4	viejos
7	7	0.012934311293065548	8410	7	8	blancos	AQ	3	antiguos
8	8	0.011356550268828869	20943	7	8	blancos	AQ	2	bellos
9	9	0.010269724763929844	6001	7	8	blancos	AQ	1	fuertes
0	0	0.15084882080554962	43238	8	8	blancos	AQ	10	guapos
1	1	0.13911670446395874	1605	8	8	blancos	AQ	9	grandes
2	2	0.03978058695793152	43564	8	8	blancos	AQ	8	buscados
3	3	0.03842137008905411	6001	8	8	blancos	AQ	7	fuertes
4	4	0.03599543124437332	2792	8	8	blancos	AQ	6	jóvenes
5	5	0.02912556380033493	29394	8	8	blancos	AQ	5	premiados
6	6	0.0281398743391037	3452	8	8	blancos	AQ	4	pequeños
7	7	0.019851889461278915	19112	8	8	blancos	AQ	3	vendidos
8	8	0.01825750432908535	8410	8	8	blancos	AQ	2	antiguos
9	9	0.012755057774484158	11461	8	8	blancos	AQ	1	viejos
0	0	0.14024443924427032	29394	9	8	blancos	AQ	10	premiados
1	1	0.11243247985839844	43238	9	8	blancos	AQ	9	guapos
2	2	0.10925581306219101	1605	9	8	blancos	AQ	8	grandes
3	3	0.0978572890162468	3452	9	8	blancos	AQ	7	pequeños
4	4	0.06940391659736633	19112	9	8	blancos	AQ	6	vendidos
5	5	0.03248506411910057	8410	9	8	blancos	AQ	5	antiguos
6	6	0.02702358178794384	43564	9	8	blancos	AQ	4	buscados
7	7	0.015839265659451485	12282	9	8	blancos	AQ	3	ganadores
8	8	0.011008483357727528	37113	9	8	blancos	AQ	2	visitados
9	9	0.009893826209008694	26863	9	8	blancos	AQ	1	votado
0	0	0.1792360246181488	1605	10	8	blancos	AQ	10	grandes
1	1	0.1524450182914734	43238	10	8	blancos	AQ	9	guapos
2	2	0.05262363329529762	3452	10	8	blancos	AQ	8	pequeños
3	3	0.05204959586262703	29394	10	8	blancos	AQ	7	premiados
4	4	0.04080922156572342	43564	10	8	blancos	AQ	6	buscados
5	5	0.02427489310503006	19112	10	8	blancos	AQ	5	vendidos
6	6	0.021740436553955078	8410	10	8	blancos	AQ	4	antiguos
7	7	0.016502005979418755	2792	10	8	blancos	AQ	3	jóvenes
8	8	0.014823032543063164	6571	10	8	blancos	AQ	2	populares
9	9	0.014131912961602211	10578	10	8	blancos	AQ	1	baratos
0	0	0.05775509029626846	1605	11	8	blancos	AQ	10	grandes
1	1	0.03820637986063957	9564	11	8	blancos	AQ	9	útiles
2	2	0.03355978801846504	2804	11	8	blancos	AQ	8	importantes
3	3	0.028481224551796913	3657	11	8	blancos	PI	7	pocos
4	4	0.019733693450689316	4174	11	8	blancos	AQ	6	buenos
5	5	0.019271325320005417	6001	11	8	blancos	AQ	5	fuertes
6	6	0.01636004075407982	11755	11	8	blancos	AQ	4	cortos
7	7	0.013748355209827423	17050	11	8	blancos	AQ	3	peligrosos
8	8	0.01180343423038721	1072	11	8	blancos	RG	2	poco
9	9	0.01106310822069645	6390	11	8	blancos	AQ	1	altos
0	0	0.01738514006137848	1167	12	8	blancos	Z	10	10
1	1	0.016729779541492462	7945	12	8	blancos	NC	9	enlaces
2	2	0.01628720387816429	5962	12	8	blancos	NC	8	números
3	3	0.0125198969617486	3657	12	8	blancos	PI	7	pocos
4	4	0.011593762785196304	791	12	8	blancos	Z	6	5
5	5	0.009128706529736519	413	12	8	blancos	Z	5	2
6	6	0.009053625166416168	11755	12	8	blancos	AQ	4	cortos
7	7	0.009046823717653751	625	12	8	blancos	Z	3	3
8	8	0.008501655422151089	404	12	8	blancos	Z	2	1
9	9	0.008471854962408543	1605	12	8	blancos	AQ	1	grandes
0	0	0.00950143113732338	3034	0	8	moros	NC	10	libros
1	1	0.008987855166196823	4174	0	8	moros	AQ	9	buenos
2	2	0.008458144962787628	404	0	8	moros	Z	8	1
3	3	0.007977860048413277	18	0	8	moros	Fp	7	.
4	4	0.00679097231477499	1767	0	8	moros	NC	6	familia
5	5	0.00565766217187047	413	0	8	moros	Z	5	2
6	6	0.005481719970703125	9961	0	8	moros	NC	4	cuentos
7	7	0.005394325125962496	3064	0	8	moros	NC	3	padres
8	8	0.005229910835623741	7305	0	8	moros	AQ	2	originales
9	9	0.004939340520650148	87	0	8	moros	NC	1	s
0	0	0.024495184421539307	2152	1	8	moros	AQ	10	nuevos
1	1	0.024212069809436798	21996	1	8	moros	NC	9	jovenes
2	2	0.010427125729620457	12282	1	8	moros	AQ	8	ganadores
3	3	0.010046463459730148	1662	1	8	moros	AQ	7	niños
4	4	0.008392064832150936	316	1	8	moros	DA	6	los
5	5	0.008132883347570896	2792	1	8	moros	AQ	5	jóvenes
6	6	0.007519686594605446	4715	1	8	moros	Z	4	2008
7	7	0.007392944768071175	1707	1	8	moros	AQ	3	mejores
8	8	0.006801788229495287	3064	1	8	moros	NC	2	padres
9	9	0.005946040619164705	1605	1	8	moros	AQ	1	grandes
0	0	0.0819820910692215	1662	2	8	moros	NC	10	niños
1	1	0.0473129004240036	12282	2	8	moros	NC	9	ganadores
2	2	0.035316698253154755	5839	2	8	moros	NC	8	chicos
3	3	0.034915633499622345	40351	2	8	moros	NC	7	genios
4	4	0.029367106035351753	2342	2	8	moros	NC	6	amigos
5	5	0.02409650757908821	4174	2	8	moros	AQ	5	buenos
6	6	0.020223774015903473	47216	2	8	moros	NC	4	idiotas
7	7	0.02005179598927498	9275	2	8	moros	NC	3	regalos
8	8	0.017650460824370384	43238	2	8	moros	AQ	2	guapos
9	9	0.01593155786395073	1605	2	8	moros	AQ	1	grandes
0	0	0.011407866142690182	32820	3	8	moros	AQ	10	bienvenidos
1	1	0.008837427943944931	2152	3	8	moros	AQ	9	nuevos
2	2	0.008005413226783276	404	3	8	moros	Z	8	1
3	3	0.00793201383203268	4715	3	8	moros	Z	7	2008
4	4	0.007205538917332888	17050	3	8	moros	AQ	6	peligrosos
5	5	0.006268533878028393	18	3	8	moros	Fp	5	.
6	6	0.005236347671598196	2634	3	8	moros	Z	4	2015
7	7	0.005071850493550301	4600	3	8	moros	AQ	3	familiares
8	8	0.0046933661215007305	726	3	8	moros	PI	2	todos
9	9	0.004602667409926653	572	3	8	moros	Fs	1	...
0	0	0.014850685372948647	404	4	8	moros	Z	10	1
1	1	0.008632705546915531	1392	4	8	moros	AQ	9	españa
2	2	0.008407225832343102	293	4	8	moros	CS	8	que
3	3	0.007984431460499763	4715	4	8	moros	Z	7	2008
4	4	0.007661227136850357	726	4	8	moros	PI	6	todos
5	5	0.00740601122379303	18	4	8	moros	Fp	5	.
6	6	0.006630533840507269	413	4	8	moros	Z	4	2
7	7	0.0060712373815476894	679	4	8	moros	NC	3	años
8	8	0.005827893037348986	316	4	8	moros	DA	2	los
9	9	0.005707986652851105	625	4	8	moros	Z	1	3
0	0	0.011645791120827198	404	5	8	moros	Z	10	1
1	1	0.011634218506515026	1392	5	8	moros	AQ	9	españa
2	2	0.010449135676026344	316	5	8	moros	DA	8	los
3	3	0.009555647149682045	32820	5	8	moros	AQ	7	bienvenidos
4	4	0.00900239683687687	30	5	8	moros	Fd	6	:
5	5	0.00896673183888197	14417	5	8	moros	AQ	5	alemanes
6	6	0.007808037102222443	2634	5	8	moros	Z	4	2015
7	7	0.00777933606877923	5416	5	8	moros	AQ	3	alemania
8	8	0.007766278460621834	4174	5	8	moros	AQ	2	buenos
9	9	0.007361321244388819	5351	5	8	moros	AQ	1	españoles
0	0	0.012063829228281975	3034	6	8	moros	NC	10	libros
1	1	0.007971270941197872	4080	6	8	moros	AQ	9	políticos
2	2	0.007829089649021626	4600	6	8	moros	AQ	8	familiares
3	3	0.007187706883996725	3064	6	8	moros	NC	7	padres
4	4	0.006349802017211914	5931	6	8	moros	NC	6	autores
5	5	0.006282489746809006	2342	6	8	moros	NC	5	amigos
6	6	0.005539365112781525	404	6	8	moros	Z	4	1
7	7	0.005376771092414856	1767	6	8	moros	NC	3	familia
8	8	0.005314763635396957	13980	6	8	moros	AQ	2	terroristas
9	9	0.0044960095547139645	5296	6	8	moros	NC	1	canciones
0	0	0.3615163564682007	2792	7	8	moros	AQ	10	jóvenes
1	1	0.21145907044410706	21996	7	8	moros	NC	9	jovenes
2	2	0.06104813516139984	43238	7	8	moros	AQ	8	guapos
3	3	0.054721686989068985	3452	7	8	moros	AQ	7	pequeños
4	4	0.047366976737976074	1605	7	8	moros	AQ	6	grandes
5	5	0.021456068381667137	2655	7	8	moros	NC	5	joven
6	6	0.01020448375493288	3222	7	8	moros	AQ	4	mayores
7	7	0.008766940794885159	11461	7	8	moros	AQ	3	viejos
8	8	0.0086364159360528	2152	7	8	moros	AQ	2	nuevos
9	9	0.008033611811697483	9931	7	8	moros	AQ	1	ricos
0	0	0.23666805028915405	1605	8	8	moros	AQ	10	grandes
1	1	0.09266180545091629	9931	8	8	moros	AQ	9	ricos
2	2	0.07595651596784592	43238	8	8	moros	AQ	8	guapos
3	3	0.054498523473739624	3452	8	8	moros	AQ	7	pequeños
4	4	0.031109856441617012	6001	8	8	moros	AQ	6	fuertes
5	5	0.02967880666255951	8401	8	8	moros	AQ	5	afectados
6	6	0.028245864436030388	2792	8	8	moros	AQ	4	jóvenes
7	7	0.024263136088848114	43564	8	8	moros	AQ	3	buscados
8	8	0.01833438314497471	19112	8	8	moros	AQ	2	vendidos
9	9	0.015587635338306427	16100	8	8	moros	AQ	1	vulnerables
0	0	0.13081416487693787	1605	9	8	moros	AQ	10	grandes
1	1	0.0978245958685875	29394	9	8	moros	AQ	9	premiados
2	2	0.08771733194589615	19112	9	8	moros	AQ	8	vendidos
3	3	0.08026750385761261	3452	9	8	moros	AQ	7	pequeños
4	4	0.055873047560453415	9931	9	8	moros	AQ	6	ricos
5	5	0.04550008103251457	43564	9	8	moros	AQ	5	buscados
6	6	0.02640177309513092	43238	9	8	moros	AQ	4	guapos
7	7	0.022113196551799774	6571	9	8	moros	AQ	3	populares
8	8	0.02014835551381111	26863	9	8	moros	AQ	2	votado
9	9	0.0193179938942194	8401	9	8	moros	AQ	1	afectados
0	0	0.11619526892900467	43564	10	8	moros	AQ	10	buscados
1	1	0.10492463409900665	1605	10	8	moros	AQ	9	grandes
2	2	0.07712399214506149	19112	10	8	moros	AQ	8	vendidos
3	3	0.05674636736512184	9931	10	8	moros	AQ	7	ricos
4	4	0.04152088239789009	43238	10	8	moros	AQ	6	guapos
5	5	0.02991638146340847	3452	10	8	moros	AQ	5	pequeños
6	6	0.02498825639486313	8401	10	8	moros	AQ	4	afectados
7	7	0.02299097180366516	29394	10	8	moros	AQ	3	premiados
8	8	0.019305119290947914	2792	10	8	moros	AQ	2	jóvenes
9	9	0.015504822134971619	37113	10	8	moros	AQ	1	visitados
0	0	0.13232038915157318	4174	11	8	moros	AQ	10	buenos
1	1	0.05352206155657768	6001	11	8	moros	AQ	9	fuertes
2	2	0.03818335384130478	1605	11	8	moros	AQ	8	grandes
3	3	0.023756863549351692	43238	11	8	moros	AQ	7	guapos
4	4	0.022068586200475693	2804	11	8	moros	AQ	6	importantes
5	5	0.02013891376554966	6841	11	8	moros	AQ	5	interesantes
6	6	0.018369071185588837	32820	11	8	moros	AQ	4	bienvenidos
7	7	0.016972126439213753	32972	11	8	moros	AQ	3	graciosos
8	8	0.016326310113072395	2843	11	8	moros	AQ	2	fuerte
9	9	0.016305383294820786	9931	11	8	moros	AQ	1	ricos
0	0	0.018754681572318077	404	12	8	moros	Z	10	1
1	1	0.01819429360330105	625	12	8	moros	Z	9	3
2	2	0.016171416267752647	791	12	8	moros	Z	8	5
3	3	0.015069953165948391	753	12	8	moros	Z	7	4
4	4	0.015015039592981339	1167	12	8	moros	Z	6	10
5	5	0.013354243710637093	413	12	8	moros	Z	5	2
6	6	0.010427060537040234	5931	12	8	moros	NC	4	autores
7	7	0.010037699714303017	1097	12	8	moros	NC	3	7
8	8	0.009315726347267628	945	12	8	moros	Z	2	6
9	9	0.008911408483982086	12282	12	8	moros	AQ	1	ganadores
0	0	0.006812368985265493	10171	0	8	indios	AQ	10	felices
1	1	0.006378436926752329	1605	0	8	indios	AQ	9	grandes
2	2	0.00589043227955699	5936	0	8	indios	AQ	8	médicos
3	3	0.005881540942937136	1662	0	8	indios	NC	7	niños
4	4	0.005869835149496794	4600	0	8	indios	AQ	6	familiares
5	5	0.005848824977874756	726	0	8	indios	PI	5	todos
6	6	0.005173658486455679	404	0	8	indios	Z	4	1
7	7	0.005042078904807568	923	0	8	indios	PI	3	otros
8	8	0.00469020614400506	3064	0	8	indios	NC	2	padres
9	9	0.004647672642022371	21125	0	8	indios	AQ	1	asesinos
0	0	0.014399810694158077	2792	1	8	indios	AQ	10	jóvenes
1	1	0.013072210364043713	2152	1	8	indios	AQ	9	nuevos
2	2	0.011407364159822464	679	1	8	indios	NC	8	años
3	3	0.01082678884267807	404	1	8	indios	Z	7	1
4	4	0.010803643614053726	1662	1	8	indios	NC	6	niños
5	5	0.008501481264829636	4174	1	8	indios	AQ	5	buenos
6	6	0.007634342648088932	3064	1	8	indios	NC	4	padres
7	7	0.007440376561135054	316	1	8	indios	DA	3	los
8	8	0.007384630385786295	1605	1	8	indios	AQ	2	grandes
9	9	0.006273550912737846	21996	1	8	indios	NC	1	jovenes
0	0	0.04722506180405617	679	2	8	indios	NC	10	años
1	1	0.034072984009981155	2323	2	8	indios	NC	9	hombres
2	2	0.01882714033126831	2342	2	8	indios	NC	8	amigos
3	3	0.017647339031100273	5839	2	8	indios	NC	7	chicos
4	4	0.01710701361298561	3657	2	8	indios	PI	6	pocos
5	5	0.014986946247518063	1605	2	8	indios	AQ	5	grandes
6	6	0.013854382559657097	1662	2	8	indios	NC	4	niños
7	7	0.013547752983868122	1752	2	8	indios	NC	3	meses
8	8	0.013308707624673843	47216	2	8	indios	NC	2	idiotas
9	9	0.01167304813861847	2152	2	8	indios	AQ	1	nuevos
0	0	0.011332903057336807	32820	3	8	indios	AQ	10	bienvenidos
1	1	0.008501606062054634	10171	3	8	indios	AQ	9	felices
2	2	0.006892872508615255	14417	3	8	indios	AQ	8	alemanes
3	3	0.006469741929322481	1605	3	8	indios	AQ	7	grandes
4	4	0.005384496878832579	2792	3	8	indios	AQ	6	jóvenes
5	5	0.005304593127220869	4600	3	8	indios	AQ	5	familiares
6	6	0.005267083644866943	293	3	8	indios	CS	4	que
7	7	0.004651366733014584	1667	3	8	indios	PP	3	nosotros
8	8	0.004451374523341656	9931	3	8	indios	AQ	2	ricos
9	9	0.004327893722802401	17050	3	8	indios	AQ	1	peligrosos
0	0	0.012297487817704678	293	4	8	indios	CS	10	que
1	1	0.01057063415646553	726	4	8	indios	PI	9	todos
2	2	0.008799474686384201	404	4	8	indios	Z	8	1
3	3	0.006336346734315157	893	4	8	indios	NC	7	personas
4	4	0.005383745301514864	3674	4	8	indios	NC	6	familias
5	5	0.005124395713210106	1667	4	8	indios	PP	5	nosotros
6	6	0.0050088693387806416	1662	4	8	indios	NC	4	niños
7	7	0.004637176636606455	1605	4	8	indios	AQ	3	grandes
8	8	0.0045512947253882885	679	4	8	indios	NC	2	años
9	9	0.004349159076809883	1197	4	8	indios	PD	1	esto
0	0	0.014108682051301003	293	5	8	indios	CS	10	que
1	1	0.01197239849716425	1605	5	8	indios	AQ	9	grandes
2	2	0.007211936172097921	2578	5	8	indios	AQ	8	profesionales
3	3	0.006579195149242878	404	5	8	indios	Z	7	1
4	4	0.00638690497726202	923	5	8	indios	PI	6	otros
5	5	0.0061957514844834805	9003	5	8	indios	AQ	5	excelentes
6	6	0.005887563806027174	32820	5	8	indios	AQ	4	bienvenidos
7	7	0.005804815329611301	726	5	8	indios	PI	3	todos
8	8	0.0057883718982338905	8111	5	8	indios	AQ	2	pobres
9	9	0.005341056268662214	893	5	8	indios	NC	1	personas
0	0	0.04194857180118561	3034	6	8	indios	NC	10	libros
1	1	0.014307728968560696	9961	6	8	indios	NC	9	cuentos
2	2	0.0109378257766366	4454	6	8	indios	NC	8	películas
3	3	0.00788867101073265	5296	6	8	indios	NC	7	canciones
4	4	0.004996019881218672	21125	6	8	indios	AQ	6	asesinos
5	5	0.0049019139260053635	11773	6	8	indios	NC	5	escritores
6	6	0.004795140586793423	3979	6	8	indios	NC	4	comentarios
7	7	0.004562613554298878	16611	6	8	indios	AQ	3	peliculas
8	8	0.004466892685741186	11755	6	8	indios	AQ	2	cortos
9	9	0.004267852287739515	9275	6	8	indios	NC	1	regalos
0	0	0.33096522092819214	2792	7	8	indios	AQ	10	jóvenes
1	1	0.12164295464754105	1605	7	8	indios	AQ	9	grandes
2	2	0.07554697245359421	43238	7	8	indios	AQ	8	guapos
3	3	0.05965603515505791	3452	7	8	indios	AQ	7	pequeños
4	4	0.032271821051836014	11461	7	8	indios	AQ	6	viejos
5	5	0.025473466143012047	6001	7	8	indios	AQ	5	fuertes
6	6	0.020014479756355286	21996	7	8	indios	AQ	4	jovenes
7	7	0.01264092419296503	2655	7	8	indios	AQ	3	joven
8	8	0.012361258268356323	19112	7	8	indios	AQ	2	vendidos
9	9	0.011146483942866325	8410	7	8	indios	AQ	1	antiguos
0	0	0.12553571164608002	1605	8	8	indios	AQ	10	grandes
1	1	0.07538894563913345	43238	8	8	indios	AQ	9	guapos
2	2	0.04595504328608513	6001	8	8	indios	AQ	8	fuertes
3	3	0.04068421944975853	2792	8	8	indios	AQ	7	jóvenes
4	4	0.038141366094350815	43564	8	8	indios	AQ	6	buscados
5	5	0.02548982948064804	19112	8	8	indios	AQ	5	vendidos
6	6	0.02472970448434353	3452	8	8	indios	AQ	4	pequeños
7	7	0.017943743616342545	29394	8	8	indios	AQ	3	premiados
8	8	0.01772351562976837	10578	8	8	indios	AQ	2	baratos
9	9	0.013649358414113522	14421	8	8	indios	AQ	1	rápidos
0	0	0.13482116162776947	19112	9	8	indios	AQ	10	vendidos
1	1	0.09900236129760742	1605	9	8	indios	AQ	9	grandes
2	2	0.06298796832561493	3452	9	8	indios	AQ	8	pequeños
3	3	0.04473703354597092	43238	9	8	indios	AQ	7	guapos
4	4	0.033289872109889984	43564	9	8	indios	AQ	6	buscados
5	5	0.0274238009005785	8410	9	8	indios	AQ	5	antiguos
6	6	0.02652948722243309	29394	9	8	indios	AQ	4	premiados
7	7	0.024143971502780914	2792	9	8	indios	AQ	3	jóvenes
8	8	0.024106448516249657	9931	9	8	indios	AQ	2	ricos
9	9	0.020457899197936058	10578	9	8	indios	AQ	1	baratos
0	0	0.16880299150943756	1605	10	8	indios	AQ	10	grandes
1	1	0.07188152521848679	43564	10	8	indios	AQ	9	buscados
2	2	0.053300973027944565	19112	10	8	indios	AQ	8	vendidos
3	3	0.052811287343502045	43238	10	8	indios	AQ	7	guapos
4	4	0.04057535529136658	8401	10	8	indios	AQ	6	afectados
5	5	0.030814072117209435	9931	10	8	indios	AQ	5	ricos
6	6	0.02760012075304985	6571	10	8	indios	AQ	4	populares
7	7	0.025220856070518494	6001	10	8	indios	AQ	3	fuertes
8	8	0.021357255056500435	29394	10	8	indios	AQ	2	premiados
9	9	0.018398413434624672	3452	10	8	indios	AQ	1	pequeños
0	0	0.03781580924987793	2843	11	8	indios	AQ	10	fuerte
1	1	0.017819620668888092	6001	11	8	indios	AQ	9	fuertes
2	2	0.015745194628834724	2804	11	8	indios	AQ	8	importantes
3	3	0.014160508289933205	1605	11	8	indios	AQ	7	grandes
4	4	0.009178503416478634	3657	11	8	indios	PI	6	pocos
5	5	0.008950412273406982	4174	11	8	indios	AQ	5	buenos
6	6	0.008529680781066418	26691	11	8	indios	AQ	4	raros
7	7	0.008171903900802135	9245	11	8	indios	AQ	3	malos
8	8	0.008070838637650013	1387	11	8	indios	AQ	2	importante
9	9	0.007466975599527359	6420	11	8	indios	RG	1	probablemente
0	0	0.027641426771879196	3657	12	8	indios	PI	10	pocos
1	1	0.016381002962589264	1605	12	8	indios	AQ	9	grandes
2	2	0.012744865380227566	404	12	8	indios	Z	8	1
3	3	0.012687783688306808	1167	12	8	indios	Z	7	10
4	4	0.011961737647652626	14729	12	8	indios	NC	6	pares
5	5	0.008781381882727146	3034	12	8	indios	NC	5	libros
6	6	0.008484892547130585	753	12	8	indios	Z	4	4
7	7	0.008434983901679516	625	12	8	indios	Z	3	3
8	8	0.00822391826659441	3452	12	8	indios	AQ	2	pequeños
9	9	0.007494799792766571	945	12	8	indios	Z	1	6
0	0	0.01300205197185278	726	0	8	rusos	PI	10	todos
1	1	0.01265026442706585	316	0	8	rusos	DA	9	los
2	2	0.010278272442519665	13980	0	8	rusos	AQ	8	terroristas
3	3	0.008224884048104286	404	0	8	rusos	Z	7	1
4	4	0.007975314743816853	17050	0	8	rusos	AQ	6	peligrosos
5	5	0.007281445898115635	1605	0	8	rusos	AQ	5	grandes
6	6	0.007088045123964548	21125	0	8	rusos	AQ	4	asesinos
7	7	0.00666486332193017	5257	0	8	rusos	NC	3	víctimas
8	8	0.005578676238656044	30	0	8	rusos	Fd	2	:
9	9	0.005409632809460163	47216	0	8	rusos	AQ	1	idiotas
0	0	0.010043324902653694	726	1	8	rusos	PI	10	todos
1	1	0.009362475015223026	4174	1	8	rusos	AQ	9	buenos
2	2	0.009059221483767033	1605	1	8	rusos	AQ	8	grandes
3	3	0.007720728404819965	12282	1	8	rusos	AQ	7	ganadores
4	4	0.007664375007152557	38549	1	8	rusos	AQ	6	nominados
5	5	0.007332358974963427	11773	1	8	rusos	NC	5	escritores
6	6	0.007183670066297054	2152	1	8	rusos	AQ	4	nuevos
7	7	0.00698369275778532	32820	1	8	rusos	AQ	3	bienvenidos
8	8	0.0067512271925807	404	1	8	rusos	Z	2	1
9	9	0.006195150315761566	7206	1	8	rusos	AQ	1	libres
0	0	0.02849629893898964	2342	2	8	rusos	NC	10	amigos
1	1	0.02722088433802128	679	2	8	rusos	NC	9	años
2	2	0.025901278480887413	47216	2	8	rusos	NC	8	idiotas
3	3	0.017517009750008583	12282	2	8	rusos	NC	7	ganadores
4	4	0.01672867313027382	2323	2	8	rusos	NC	6	hombres
5	5	0.014830426312983036	3657	2	8	rusos	PI	5	pocos
6	6	0.011964328587055206	1605	2	8	rusos	AQ	4	grandes
7	7	0.008716744370758533	40351	2	8	rusos	NC	3	genios
8	8	0.008683208376169205	9275	2	8	rusos	NC	2	regalos
9	9	0.008276383392512798	4174	2	8	rusos	AQ	1	buenos
0	0	0.03427744656801224	32820	3	8	rusos	AQ	10	bienvenidos
1	1	0.018429219722747803	17050	3	8	rusos	AQ	9	peligrosos
2	2	0.010501774959266186	10171	3	8	rusos	AQ	8	felices
3	3	0.009273291565477848	1605	3	8	rusos	AQ	7	grandes
4	4	0.008244683034718037	7206	3	8	rusos	AQ	6	libres
5	5	0.007836277596652508	404	3	8	rusos	Z	5	1
6	6	0.007774256635457277	4600	3	8	rusos	AQ	4	familiares
7	7	0.00633884035050869	9003	3	8	rusos	AQ	3	excelentes
8	8	0.005525205284357071	21699	3	8	rusos	AQ	2	flexibles
9	9	0.0055021243169903755	6567	3	8	rusos	AQ	1	seguros
0	0	0.01720038428902626	404	4	8	rusos	Z	10	1
1	1	0.007928450591862202	1460	4	8	rusos	AQ	9	diferentes
2	2	0.007804042659699917	21699	4	8	rusos	AQ	8	flexibles
3	3	0.007751219905912876	1605	4	8	rusos	AQ	7	grandes
4	4	0.007214338518679142	726	4	8	rusos	PI	6	todos
5	5	0.005622778087854385	413	4	8	rusos	Z	5	2
6	6	0.004293232690542936	6245	4	8	rusos	AQ	4	similares
7	7	0.004254250321537256	893	4	8	rusos	NC	3	personas
8	8	0.003948530647903681	9430	4	8	rusos	AQ	2	iguales
9	9	0.003922485746443272	3674	4	8	rusos	NC	1	familias
0	0	0.008990004658699036	404	5	8	rusos	Z	10	1
1	1	0.007846016436815262	1605	5	8	rusos	AQ	9	grandes
2	2	0.00769462063908577	32820	5	8	rusos	AQ	8	bienvenidos
3	3	0.007401675451546907	10171	5	8	rusos	AQ	7	felices
4	4	0.006438329815864563	2578	5	8	rusos	AQ	6	profesionales
5	5	0.0058424812741577625	4600	5	8	rusos	AQ	5	familiares
6	6	0.005729444790631533	2792	5	8	rusos	AQ	4	jóvenes
7	7	0.005017443560063839	17050	5	8	rusos	AQ	3	peligrosos
8	8	0.004594452679157257	9003	5	8	rusos	AQ	2	excelentes
9	9	0.004349104594439268	21699	5	8	rusos	AQ	1	flexibles
0	0	0.011809437535703182	2342	6	8	rusos	NC	10	amigos
1	1	0.007620533462613821	11773	6	8	rusos	NC	9	escritores
2	2	0.007600313052535057	3034	6	8	rusos	NC	8	libros
3	3	0.0067343744449317455	893	6	8	rusos	NC	7	personas
4	4	0.005874764174222946	404	6	8	rusos	Z	6	1
5	5	0.005495303776115179	1568	6	8	rusos	NC	5	mujeres
6	6	0.00471734581515193	21125	6	8	rusos	AQ	4	asesinos
7	7	0.004643410909920931	10277	6	8	rusos	NC	3	soldados
8	8	0.004595541395246983	413	6	8	rusos	Z	2	2
9	9	0.004513469059020281	3064	6	8	rusos	NC	1	padres
0	0	0.33753085136413574	2792	7	8	rusos	AQ	10	jóvenes
1	1	0.0850524827837944	43238	7	8	rusos	AQ	9	guapos
2	2	0.07343423366546631	1605	7	8	rusos	AQ	8	grandes
3	3	0.02930225059390068	3452	7	8	rusos	AQ	7	pequeños
4	4	0.02307027019560337	6001	7	8	rusos	AQ	6	fuertes
5	5	0.022687507793307304	12282	7	8	rusos	AQ	5	ganadores
6	6	0.017138434574007988	11461	7	8	rusos	AQ	4	viejos
7	7	0.015109910629689693	21996	7	8	rusos	NC	3	jovenes
8	8	0.01302369311451912	6571	7	8	rusos	AQ	2	populares
9	9	0.012553284876048565	2655	7	8	rusos	AQ	1	joven
0	0	0.12352965027093887	43564	8	8	rusos	AQ	10	buscados
1	1	0.11996220052242279	1605	8	8	rusos	AQ	9	grandes
2	2	0.05120471864938736	43238	8	8	rusos	AQ	8	guapos
3	3	0.03383805602788925	6001	8	8	rusos	AQ	7	fuertes
4	4	0.02707723341882229	19112	8	8	rusos	AQ	6	vendidos
5	5	0.019863417372107506	2792	8	8	rusos	AQ	5	jóvenes
6	6	0.01910911500453949	10578	8	8	rusos	AQ	4	baratos
7	7	0.017645927146077156	14421	8	8	rusos	AQ	3	rápidos
8	8	0.017522402107715607	17050	8	8	rusos	AQ	2	peligrosos
9	9	0.016631444916129112	29394	8	8	rusos	AQ	1	premiados
0	0	0.09866240620613098	1605	9	8	rusos	AQ	10	grandes
1	1	0.07270131260156631	29394	9	8	rusos	AQ	9	premiados
2	2	0.06949053704738617	43238	9	8	rusos	AQ	8	guapos
3	3	0.06089833006262779	43564	9	8	rusos	AQ	7	buscados
4	4	0.050726160407066345	19112	9	8	rusos	AQ	6	vendidos
5	5	0.03405141830444336	12282	9	8	rusos	AQ	5	ganadores
6	6	0.029502566903829575	3452	9	8	rusos	AQ	4	pequeños
7	7	0.023127498105168343	2792	9	8	rusos	AQ	3	jóvenes
8	8	0.017839515581727028	8410	9	8	rusos	AQ	2	antiguos
9	9	0.017792433500289917	6571	9	8	rusos	AQ	1	populares
0	0	0.21737433969974518	1605	10	8	rusos	AQ	10	grandes
1	1	0.062428880482912064	43238	10	8	rusos	AQ	9	guapos
2	2	0.05663619562983513	43564	10	8	rusos	AQ	8	buscados
3	3	0.04068993777036667	3452	10	8	rusos	AQ	7	pequeños
4	4	0.031587012112140656	19112	10	8	rusos	AQ	6	vendidos
5	5	0.028882227838039398	6001	10	8	rusos	AQ	5	fuertes
6	6	0.027023598551750183	8410	10	8	rusos	AQ	4	antiguos
7	7	0.02478831820189953	2792	10	8	rusos	AQ	3	jóvenes
8	8	0.020574573427438736	29394	10	8	rusos	AQ	2	premiados
9	9	0.020418938249349594	6571	10	8	rusos	AQ	1	populares
0	0	0.04460364952683449	4174	11	8	rusos	AQ	10	buenos
1	1	0.029689239338040352	6841	11	8	rusos	AQ	9	interesantes
2	2	0.02025570534169674	14208	11	8	rusos	AQ	8	calientes
3	3	0.017621370032429695	1605	11	8	rusos	AQ	7	grandes
4	4	0.01694241166114807	6001	11	8	rusos	AQ	6	fuertes
5	5	0.016009973362088203	6571	11	8	rusos	AQ	5	populares
6	6	0.015617983415722847	2843	11	8	rusos	AQ	4	fuerte
7	7	0.014611429534852505	36164	11	8	rusos	AQ	3	entusiastas
8	8	0.013266065157949924	9245	11	8	rusos	AQ	2	malos
9	9	0.012496471405029297	9564	11	8	rusos	AQ	1	útiles
0	0	0.020216476172208786	14729	12	8	rusos	NC	10	pares
1	1	0.01772107370197773	1167	12	8	rusos	Z	9	10
2	2	0.015457464382052422	3657	12	8	rusos	PI	8	pocos
3	3	0.011883247643709183	1605	12	8	rusos	AQ	7	grandes
4	4	0.01179492101073265	404	12	8	rusos	Z	6	1
5	5	0.010572919622063637	753	12	8	rusos	Z	5	4
6	6	0.010553950443863869	625	12	8	rusos	Z	4	3
7	7	0.009448804892599583	2152	12	8	rusos	AQ	3	nuevos
8	8	0.009120243601500988	791	12	8	rusos	Z	2	5
9	9	0.00889836810529232	1118	12	8	rusos	Z	1	8
